file,line,real_a,real_k,real_b,mle_b,success
erik-sim/a1_k20_b1/trees.tre,1,1.0,20.0,1.0,0.9622825000835946,True
erik-sim/a1_k20_b1/trees.tre,2,1.0,20.0,1.0,0.9085074571011282,True
erik-sim/a1_k20_b1/trees.tre,3,1.0,20.0,1.0,0.7988611507702684,True
erik-sim/a1_k20_b1/trees.tre,4,1.0,20.0,1.0,1.3698827054666016,True
erik-sim/a1_k20_b1/trees.tre,5,1.0,20.0,1.0,1.3082690701567035,True
erik-sim/a1_k20_b1/trees.tre,6,1.0,20.0,1.0,1.331025893682159,True
erik-sim/a1_k20_b1/trees.tre,7,1.0,20.0,1.0,0.8116289192574838,True
erik-sim/a1_k20_b1/trees.tre,8,1.0,20.0,1.0,0.96134478898127,True
erik-sim/a1_k20_b1/trees.tre,10,1.0,20.0,1.0,0.7784705514536764,True
erik-sim/a1_k20_b1/trees.tre,11,1.0,20.0,1.0,0.8456064650284058,True
erik-sim/a1_k20_b1/trees.tre,12,1.0,20.0,1.0,0.8912971720017998,True
erik-sim/a1_k20_b1/trees.tre,13,1.0,20.0,1.0,0.8863044110567785,True
erik-sim/a1_k20_b1/trees.tre,14,1.0,20.0,1.0,0.9694037458880774,True
erik-sim/a1_k20_b1/trees.tre,15,1.0,20.0,1.0,1.3449712425924845,True
erik-sim/a1_k20_b1/trees.tre,16,1.0,20.0,1.0,0.9852964391730542,True
erik-sim/a1_k20_b1/trees.tre,17,1.0,20.0,1.0,1.0111044881542228,True
erik-sim/a1_k20_b1/trees.tre,18,1.0,20.0,1.0,0.5947756334078037,True
erik-sim/a1_k20_b1/trees.tre,19,1.0,20.0,1.0,0.758119366286544,True
erik-sim/a1_k20_b1/trees.tre,20,1.0,20.0,1.0,0.5941255922079146,True
erik-sim/a1_k20_b1/trees.tre,21,1.0,20.0,1.0,0.9790072987910537,True
erik-sim/a1_k20_b1/trees.tre,22,1.0,20.0,1.0,1.0272853956503891,True
erik-sim/a1_k20_b1/trees.tre,23,1.0,20.0,1.0,0.8795465730531208,True
erik-sim/a1_k20_b1/trees.tre,24,1.0,20.0,1.0,1.4554146808552417,True
erik-sim/a1_k20_b1/trees.tre,25,1.0,20.0,1.0,1.170836591956968,True
erik-sim/a1_k20_b1/trees.tre,26,1.0,20.0,1.0,1.1161357657693007,True
erik-sim/a1_k20_b1/trees.tre,27,1.0,20.0,1.0,1.2633203861913727,True
erik-sim/a1_k20_b1/trees.tre,28,1.0,20.0,1.0,0.961281681322279,True
erik-sim/a1_k20_b1/trees.tre,29,1.0,20.0,1.0,0.9439883021285042,True
erik-sim/a1_k20_b1/trees.tre,30,1.0,20.0,1.0,1.1966733536458094,True
erik-sim/a1_k20_b1/trees.tre,31,1.0,20.0,1.0,0.9420417433398901,True
erik-sim/a1_k20_b1/trees.tre,32,1.0,20.0,1.0,1.2878238308474248,True
erik-sim/a1_k20_b1/trees.tre,33,1.0,20.0,1.0,0.9255292501106289,True
erik-sim/a1_k20_b1/trees.tre,34,1.0,20.0,1.0,0.7371540847967895,True
erik-sim/a1_k20_b1/trees.tre,35,1.0,20.0,1.0,0.7161848637591004,True
erik-sim/a1_k20_b1/trees.tre,36,1.0,20.0,1.0,0.680659188820504,True
erik-sim/a1_k20_b1/trees.tre,37,1.0,20.0,1.0,1.4212039723926058,True
erik-sim/a1_k20_b1/trees.tre,38,1.0,20.0,1.0,0.7678155476197682,True
erik-sim/a1_k20_b1/trees.tre,39,1.0,20.0,1.0,1.189944967013662,True
erik-sim/a1_k20_b1/trees.tre,40,1.0,20.0,1.0,1.4039558901200033,True
erik-sim/a1_k20_b1/trees.tre,41,1.0,20.0,1.0,1.0857859112065968,True
erik-sim/a1_k20_b1/trees.tre,42,1.0,20.0,1.0,0.9607587660225803,True
erik-sim/a1_k20_b1/trees.tre,43,1.0,20.0,1.0,0.9187252057030194,True
erik-sim/a1_k20_b1/trees.tre,44,1.0,20.0,1.0,1.0356587520453766,True
erik-sim/a1_k20_b1/trees.tre,45,1.0,20.0,1.0,1.0216077168523634,True
erik-sim/a1_k20_b1/trees.tre,46,1.0,20.0,1.0,0.7708008941828907,True
erik-sim/a1_k20_b1/trees.tre,48,1.0,20.0,1.0,0.6605997138274797,True
erik-sim/a1_k20_b1/trees.tre,49,1.0,20.0,1.0,0.873841971307502,True
erik-sim/a1_k20_b1/trees.tre,50,1.0,20.0,1.0,1.009106362744426,True
erik-sim/a1_k20_b1/trees.tre,51,1.0,20.0,1.0,1.0253852420046399,True
erik-sim/a1_k20_b1/trees.tre,52,1.0,20.0,1.0,0.9631762410460335,True
erik-sim/a1_k20_b1/trees.tre,53,1.0,20.0,1.0,1.249126833282109,True
erik-sim/a1_k20_b1/trees.tre,54,1.0,20.0,1.0,0.965332438943296,True
erik-sim/a1_k20_b1/trees.tre,55,1.0,20.0,1.0,1.1586535773778062,True
erik-sim/a1_k20_b1/trees.tre,56,1.0,20.0,1.0,0.9258037534682487,True
erik-sim/a1_k20_b1/trees.tre,57,1.0,20.0,1.0,0.8933730751383648,True
erik-sim/a1_k20_b1/trees.tre,58,1.0,20.0,1.0,1.0519705129000951,True
erik-sim/a1_k20_b1/trees.tre,59,1.0,20.0,1.0,1.3283283141161057,True
erik-sim/a1_k20_b1/trees.tre,60,1.0,20.0,1.0,0.9880836842901174,True
erik-sim/a1_k20_b1/trees.tre,61,1.0,20.0,1.0,0.6628658224258794,True
erik-sim/a1_k20_b1/trees.tre,62,1.0,20.0,1.0,1.2001118681853933,True
erik-sim/a1_k20_b1/trees.tre,63,1.0,20.0,1.0,1.3784603068815964,True
erik-sim/a1_k20_b1/trees.tre,64,1.0,20.0,1.0,1.4806369019606027,True
erik-sim/a1_k20_b1/trees.tre,65,1.0,20.0,1.0,1.0275881692763642,True
erik-sim/a1_k20_b1/trees.tre,66,1.0,20.0,1.0,0.5738895251107999,True
erik-sim/a1_k20_b1/trees.tre,67,1.0,20.0,1.0,0.651946342671743,True
erik-sim/a1_k20_b1/trees.tre,68,1.0,20.0,1.0,0.8503836875874621,True
erik-sim/a1_k20_b1/trees.tre,69,1.0,20.0,1.0,1.2055832881851907,True
erik-sim/a1_k20_b1/trees.tre,70,1.0,20.0,1.0,0.9708515477403193,True
erik-sim/a1_k20_b1/trees.tre,71,1.0,20.0,1.0,0.9324931749942934,True
erik-sim/a1_k20_b1/trees.tre,72,1.0,20.0,1.0,1.594292308609913,True
erik-sim/a1_k20_b1/trees.tre,73,1.0,20.0,1.0,0.8416798855633506,True
erik-sim/a1_k20_b1/trees.tre,74,1.0,20.0,1.0,0.681686971389881,True
erik-sim/a1_k20_b1/trees.tre,75,1.0,20.0,1.0,0.6574688573740062,True
erik-sim/a1_k20_b1/trees.tre,76,1.0,20.0,1.0,0.9302970612140236,True
erik-sim/a1_k20_b1/trees.tre,77,1.0,20.0,1.0,1.1423510210471242,True
erik-sim/a1_k20_b1/trees.tre,78,1.0,20.0,1.0,1.29241056972254,True
erik-sim/a1_k20_b1/trees.tre,79,1.0,20.0,1.0,1.0484272252166824,True
erik-sim/a1_k20_b1/trees.tre,80,1.0,20.0,1.0,0.8410532374629878,True
erik-sim/a1_k20_b1/trees.tre,81,1.0,20.0,1.0,0.9839349509052245,True
erik-sim/a1_k20_b1/trees.tre,82,1.0,20.0,1.0,0.9615907297101429,True
erik-sim/a1_k20_b1/trees.tre,83,1.0,20.0,1.0,1.4574142709037006,True
erik-sim/a1_k20_b1/trees.tre,84,1.0,20.0,1.0,0.8377450555204211,True
erik-sim/a1_k20_b1/trees.tre,85,1.0,20.0,1.0,1.24086919526619,True
erik-sim/a1_k20_b1/trees.tre,86,1.0,20.0,1.0,0.6919813526233988,True
erik-sim/a1_k20_b1/trees.tre,87,1.0,20.0,1.0,1.0233372967360068,True
erik-sim/a1_k20_b1/trees.tre,88,1.0,20.0,1.0,0.6904201366930582,True
erik-sim/a1_k20_b1/trees.tre,89,1.0,20.0,1.0,1.020662768408618,True
erik-sim/a1_k20_b1/trees.tre,90,1.0,20.0,1.0,1.0570785994077407,True
erik-sim/a1_k20_b1/trees.tre,91,1.0,20.0,1.0,1.1323240026542394,True
erik-sim/a1_k20_b1/trees.tre,92,1.0,20.0,1.0,0.7269061278049652,True
erik-sim/a1_k20_b1/trees.tre,93,1.0,20.0,1.0,0.8971965610073172,True
erik-sim/a1_k20_b1/trees.tre,94,1.0,20.0,1.0,0.7824727629522809,True
erik-sim/a1_k20_b1/trees.tre,95,1.0,20.0,1.0,0.8118513287263508,True
erik-sim/a1_k20_b1/trees.tre,96,1.0,20.0,1.0,1.4434199787495527,True
erik-sim/a1_k20_b1/trees.tre,97,1.0,20.0,1.0,1.4014295393520115,True
erik-sim/a1_k20_b1/trees.tre,98,1.0,20.0,1.0,1.267948115523485,True
erik-sim/a1_k20_b1/trees.tre,99,1.0,20.0,1.0,0.6412502156418174,True
erik-sim/a1_k20_b1/trees.tre,100,1.0,20.0,1.0,0.7895320957187437,True
erik-sim/a1_k20_b1/trees.tre,101,1.0,20.0,1.0,0.6762193201779229,True
erik-sim/a1_k20_b1/trees.tre,102,1.0,20.0,1.0,1.0747572341622924,True
erik-sim/a1_k20_b2/trees.tre,1,1.0,20.0,2.0,1.8257580392121695,True
erik-sim/a1_k20_b2/trees.tre,2,1.0,20.0,2.0,3.0306409247376362,True
erik-sim/a1_k20_b2/trees.tre,4,1.0,20.0,2.0,2.0936545875076953,True
erik-sim/a1_k20_b2/trees.tre,5,1.0,20.0,2.0,1.8598766230372186,True
erik-sim/a1_k20_b2/trees.tre,6,1.0,20.0,2.0,1.6045554516467935,True
erik-sim/a1_k20_b2/trees.tre,7,1.0,20.0,2.0,1.4405413081617668,True
erik-sim/a1_k20_b2/trees.tre,8,1.0,20.0,2.0,2.2590383502737668,True
erik-sim/a1_k20_b2/trees.tre,9,1.0,20.0,2.0,1.671747396736736,True
erik-sim/a1_k20_b2/trees.tre,10,1.0,20.0,2.0,2.168629905748579,True
erik-sim/a1_k20_b2/trees.tre,11,1.0,20.0,2.0,1.6538609864913423,True
erik-sim/a1_k20_b2/trees.tre,12,1.0,20.0,2.0,1.1703350589979653,True
erik-sim/a1_k20_b2/trees.tre,13,1.0,20.0,2.0,2.734983837812739,True
erik-sim/a1_k20_b2/trees.tre,14,1.0,20.0,2.0,0.976800359281019,True
erik-sim/a1_k20_b2/trees.tre,15,1.0,20.0,2.0,1.5258095503052704,True
erik-sim/a1_k20_b2/trees.tre,16,1.0,20.0,2.0,1.9294417714990413,True
erik-sim/a1_k20_b2/trees.tre,17,1.0,20.0,2.0,2.1229852022482834,True
erik-sim/a1_k20_b2/trees.tre,18,1.0,20.0,2.0,2.6918152409564224,True
erik-sim/a1_k20_b2/trees.tre,19,1.0,20.0,2.0,2.026866974438717,True
erik-sim/a1_k20_b2/trees.tre,20,1.0,20.0,2.0,2.1165968872618564,True
erik-sim/a1_k20_b2/trees.tre,21,1.0,20.0,2.0,1.0190542538189742,True
erik-sim/a1_k20_b2/trees.tre,22,1.0,20.0,2.0,1.585570331987924,True
erik-sim/a1_k20_b2/trees.tre,23,1.0,20.0,2.0,1.5913352957842863,True
erik-sim/a1_k20_b2/trees.tre,24,1.0,20.0,2.0,1.7589633473277193,True
erik-sim/a1_k20_b2/trees.tre,25,1.0,20.0,2.0,2.2449385439115312,True
erik-sim/a1_k20_b2/trees.tre,26,1.0,20.0,2.0,3.2753548306549267,True
erik-sim/a1_k20_b2/trees.tre,27,1.0,20.0,2.0,1.5527128045647325,True
erik-sim/a1_k20_b2/trees.tre,28,1.0,20.0,2.0,1.2985220605389864,True
erik-sim/a1_k20_b2/trees.tre,29,1.0,20.0,2.0,1.6683060333563224,True
erik-sim/a1_k20_b2/trees.tre,30,1.0,20.0,2.0,1.8057101107813196,True
erik-sim/a1_k20_b2/trees.tre,31,1.0,20.0,2.0,2.4461372423709986,True
erik-sim/a1_k20_b2/trees.tre,32,1.0,20.0,2.0,1.3559055866075187,True
erik-sim/a1_k20_b2/trees.tre,33,1.0,20.0,2.0,1.887871688364662,True
erik-sim/a1_k20_b2/trees.tre,34,1.0,20.0,2.0,1.518527397619863,True
erik-sim/a1_k20_b2/trees.tre,35,1.0,20.0,2.0,1.18116362248552,True
erik-sim/a1_k20_b2/trees.tre,36,1.0,20.0,2.0,2.7188709145110055,True
erik-sim/a1_k20_b2/trees.tre,37,1.0,20.0,2.0,1.6090668949969615,True
erik-sim/a1_k20_b2/trees.tre,38,1.0,20.0,2.0,2.1192991446173695,True
erik-sim/a1_k20_b2/trees.tre,40,1.0,20.0,2.0,1.4181842218383176,True
erik-sim/a1_k20_b2/trees.tre,41,1.0,20.0,2.0,2.5128957666291,True
erik-sim/a1_k20_b2/trees.tre,42,1.0,20.0,2.0,1.7974221315347534,True
erik-sim/a1_k20_b2/trees.tre,43,1.0,20.0,2.0,1.211263127368199,True
erik-sim/a1_k20_b2/trees.tre,46,1.0,20.0,2.0,1.6271129323924056,True
erik-sim/a1_k20_b2/trees.tre,47,1.0,20.0,2.0,1.9954199247993656,True
erik-sim/a1_k20_b2/trees.tre,48,1.0,20.0,2.0,1.6057660716574227,True
erik-sim/a1_k20_b2/trees.tre,49,1.0,20.0,2.0,2.038455713784563,True
erik-sim/a1_k20_b2/trees.tre,50,1.0,20.0,2.0,1.289731996941362,True
erik-sim/a1_k20_b2/trees.tre,51,1.0,20.0,2.0,1.2613216478468519,True
erik-sim/a1_k20_b2/trees.tre,52,1.0,20.0,2.0,1.4326413757185013,True
erik-sim/a1_k20_b2/trees.tre,53,1.0,20.0,2.0,2.5762577208237527,True
erik-sim/a1_k20_b2/trees.tre,54,1.0,20.0,2.0,2.295475893859926,True
erik-sim/a1_k20_b2/trees.tre,55,1.0,20.0,2.0,2.237666000332084,True
erik-sim/a1_k20_b2/trees.tre,56,1.0,20.0,2.0,1.4177556190479743,True
erik-sim/a1_k20_b2/trees.tre,57,1.0,20.0,2.0,1.7668643194839777,True
erik-sim/a1_k20_b2/trees.tre,58,1.0,20.0,2.0,1.61385904788355,True
erik-sim/a1_k20_b2/trees.tre,59,1.0,20.0,2.0,2.3053703629099793,True
erik-sim/a1_k20_b2/trees.tre,60,1.0,20.0,2.0,2.4884062077804603,True
erik-sim/a1_k20_b2/trees.tre,61,1.0,20.0,2.0,1.6650661405156961,True
erik-sim/a1_k20_b2/trees.tre,62,1.0,20.0,2.0,1.5696403081002919,True
erik-sim/a1_k20_b2/trees.tre,63,1.0,20.0,2.0,2.789576361726071,True
erik-sim/a1_k20_b2/trees.tre,64,1.0,20.0,2.0,1.620798120843225,True
erik-sim/a1_k20_b2/trees.tre,65,1.0,20.0,2.0,2.2221967304592116,True
erik-sim/a1_k20_b2/trees.tre,66,1.0,20.0,2.0,1.638100468724238,True
erik-sim/a1_k20_b2/trees.tre,67,1.0,20.0,2.0,2.001549116233648,True
erik-sim/a1_k20_b2/trees.tre,68,1.0,20.0,2.0,2.0597295512178824,True
erik-sim/a1_k20_b2/trees.tre,69,1.0,20.0,2.0,2.1390573187634683,True
erik-sim/a1_k20_b2/trees.tre,70,1.0,20.0,2.0,1.5372107969850888,True
erik-sim/a1_k20_b2/trees.tre,71,1.0,20.0,2.0,2.376694857532081,True
erik-sim/a1_k20_b2/trees.tre,72,1.0,20.0,2.0,1.4396820523320208,True
erik-sim/a1_k20_b2/trees.tre,73,1.0,20.0,2.0,1.974178699036468,True
erik-sim/a1_k20_b2/trees.tre,75,1.0,20.0,2.0,1.7287840289519574,True
erik-sim/a1_k20_b2/trees.tre,76,1.0,20.0,2.0,1.9968311842615638,True
erik-sim/a1_k20_b2/trees.tre,78,1.0,20.0,2.0,2.3601171387824804,True
erik-sim/a1_k20_b2/trees.tre,79,1.0,20.0,2.0,2.0454942379207806,True
erik-sim/a1_k20_b2/trees.tre,80,1.0,20.0,2.0,1.9536409650866335,True
erik-sim/a1_k20_b2/trees.tre,81,1.0,20.0,2.0,1.7935824584961417,True
erik-sim/a1_k20_b2/trees.tre,82,1.0,20.0,2.0,1.6190227292789248,True
erik-sim/a1_k20_b2/trees.tre,83,1.0,20.0,2.0,1.9323836870681206,True
erik-sim/a1_k20_b2/trees.tre,84,1.0,20.0,2.0,2.2899052019113766,True
erik-sim/a1_k20_b2/trees.tre,85,1.0,20.0,2.0,2.102230954549922,True
erik-sim/a1_k20_b2/trees.tre,86,1.0,20.0,2.0,1.7762468492742114,True
erik-sim/a1_k20_b2/trees.tre,87,1.0,20.0,2.0,2.349950405912487,True
erik-sim/a1_k20_b2/trees.tre,88,1.0,20.0,2.0,1.9410088713727742,True
erik-sim/a1_k20_b2/trees.tre,89,1.0,20.0,2.0,1.9603806918001478,True
erik-sim/a1_k20_b2/trees.tre,90,1.0,20.0,2.0,2.178415359991309,True
erik-sim/a1_k20_b2/trees.tre,91,1.0,20.0,2.0,1.331650644296503,True
erik-sim/a1_k20_b2/trees.tre,92,1.0,20.0,2.0,2.523031045228594,True
erik-sim/a1_k20_b2/trees.tre,93,1.0,20.0,2.0,1.477778500875335,True
erik-sim/a1_k20_b2/trees.tre,94,1.0,20.0,2.0,1.5896839477016307,True
erik-sim/a1_k20_b2/trees.tre,95,1.0,20.0,2.0,2.1041482610011317,True
erik-sim/a1_k20_b2/trees.tre,96,1.0,20.0,2.0,2.4651274958009695,True
erik-sim/a1_k20_b2/trees.tre,97,1.0,20.0,2.0,1.9391293373394887,True
erik-sim/a1_k20_b2/trees.tre,98,1.0,20.0,2.0,1.5761963038647755,True
erik-sim/a1_k20_b2/trees.tre,99,1.0,20.0,2.0,2.0282587332314654,True
erik-sim/a1_k20_b2/trees.tre,100,1.0,20.0,2.0,1.341124385518277,True
erik-sim/a1_k20_b2/trees.tre,101,1.0,20.0,2.0,1.7329021377850609,True
erik-sim/a1_k20_b2/trees.tre,102,1.0,20.0,2.0,1.3640300757928674,True
erik-sim/a1_k20_b2/trees.tre,103,1.0,20.0,2.0,2.0120757800040034,True
erik-sim/a1_k20_b2/trees.tre,104,1.0,20.0,2.0,1.8794953652163882,True
erik-sim/a1_k20_b2/trees.tre,105,1.0,20.0,2.0,2.085853793960978,True
erik-sim/a1_k20_b2/trees.tre,106,1.0,20.0,2.0,1.964409282228767,True
erik-sim/a1_k20_b3/trees.tre,2,1.0,20.0,3.0,2.4722889883435033,True
erik-sim/a1_k20_b3/trees.tre,3,1.0,20.0,3.0,2.226737417778608,True
erik-sim/a1_k20_b3/trees.tre,5,1.0,20.0,3.0,3.1212269525242475,True
erik-sim/a1_k20_b3/trees.tre,6,1.0,20.0,3.0,2.7794356808407965,True
erik-sim/a1_k20_b3/trees.tre,7,1.0,20.0,3.0,2.8573054884188918,True
erik-sim/a1_k20_b3/trees.tre,8,1.0,20.0,3.0,3.729142005936992,True
erik-sim/a1_k20_b3/trees.tre,9,1.0,20.0,3.0,2.3330179325702174,True
erik-sim/a1_k20_b3/trees.tre,11,1.0,20.0,3.0,3.46989701513454,True
erik-sim/a1_k20_b3/trees.tre,12,1.0,20.0,3.0,3.602342410298308,True
erik-sim/a1_k20_b3/trees.tre,13,1.0,20.0,3.0,1.5971254792075251,True
erik-sim/a1_k20_b3/trees.tre,14,1.0,20.0,3.0,2.686653679363579,True
erik-sim/a1_k20_b3/trees.tre,16,1.0,20.0,3.0,2.8479499169003395,True
erik-sim/a1_k20_b3/trees.tre,20,1.0,20.0,3.0,2.014871308239899,True
erik-sim/a1_k20_b3/trees.tre,21,1.0,20.0,3.0,3.3690245390325693,True
erik-sim/a1_k20_b3/trees.tre,22,1.0,20.0,3.0,3.450273965703935,True
erik-sim/a1_k20_b3/trees.tre,24,1.0,20.0,3.0,2.791018078265715,True
erik-sim/a1_k20_b3/trees.tre,25,1.0,20.0,3.0,1.565789864923873,True
erik-sim/a1_k20_b3/trees.tre,27,1.0,20.0,3.0,2.083175138869148,True
erik-sim/a1_k20_b3/trees.tre,29,1.0,20.0,3.0,2.2176742870938946,True
erik-sim/a1_k20_b3/trees.tre,30,1.0,20.0,3.0,2.0102560022668294,True
erik-sim/a1_k20_b3/trees.tre,31,1.0,20.0,3.0,3.59052945134805,True
erik-sim/a1_k20_b3/trees.tre,32,1.0,20.0,3.0,3.264069621128461,True
erik-sim/a1_k20_b3/trees.tre,35,1.0,20.0,3.0,2.1858903798912355,True
erik-sim/a1_k20_b3/trees.tre,36,1.0,20.0,3.0,2.2517561449898675,True
erik-sim/a1_k20_b3/trees.tre,37,1.0,20.0,3.0,1.7895851175999526,True
erik-sim/a1_k20_b3/trees.tre,38,1.0,20.0,3.0,3.360518182808309,True
erik-sim/a1_k20_b3/trees.tre,39,1.0,20.0,3.0,3.3165818343131908,True
erik-sim/a1_k20_b3/trees.tre,40,1.0,20.0,3.0,2.4460606042292343,True
erik-sim/a1_k20_b3/trees.tre,41,1.0,20.0,3.0,2.352147809228106,True
erik-sim/a1_k20_b3/trees.tre,42,1.0,20.0,3.0,3.6938698256050837,True
erik-sim/a1_k20_b3/trees.tre,43,1.0,20.0,3.0,1.853229450012626,True
erik-sim/a1_k20_b3/trees.tre,44,1.0,20.0,3.0,2.7718083024511944,True
erik-sim/a1_k20_b3/trees.tre,45,1.0,20.0,3.0,2.3289974983601947,True
erik-sim/a1_k20_b3/trees.tre,46,1.0,20.0,3.0,3.3064346159665683,True
erik-sim/a1_k20_b3/trees.tre,47,1.0,20.0,3.0,2.2520826863609025,True
erik-sim/a1_k20_b3/trees.tre,49,1.0,20.0,3.0,2.2188316633252176,True
erik-sim/a1_k20_b3/trees.tre,51,1.0,20.0,3.0,2.632560950867818,True
erik-sim/a1_k20_b3/trees.tre,53,1.0,20.0,3.0,2.682742401807151,True
erik-sim/a1_k20_b3/trees.tre,54,1.0,20.0,3.0,3.9966579831661013,True
erik-sim/a1_k20_b3/trees.tre,55,1.0,20.0,3.0,3.3239908861990415,True
erik-sim/a1_k20_b3/trees.tre,56,1.0,20.0,3.0,1.8262913010896793,True
erik-sim/a1_k20_b3/trees.tre,57,1.0,20.0,3.0,2.498312568660473,True
erik-sim/a1_k20_b3/trees.tre,59,1.0,20.0,3.0,3.4395515028359185,True
erik-sim/a1_k20_b3/trees.tre,60,1.0,20.0,3.0,3.1983127315175874,True
erik-sim/a1_k20_b3/trees.tre,61,1.0,20.0,3.0,2.778414474655207,True
erik-sim/a1_k20_b3/trees.tre,63,1.0,20.0,3.0,3.028504729001493,True
erik-sim/a1_k20_b3/trees.tre,64,1.0,20.0,3.0,4.860488243124703,True
erik-sim/a1_k20_b3/trees.tre,65,1.0,20.0,3.0,3.9926782538283487,True
erik-sim/a1_k20_b3/trees.tre,66,1.0,20.0,3.0,4.308997316822119,True
erik-sim/a1_k20_b3/trees.tre,67,1.0,20.0,3.0,2.964678483191056,True
erik-sim/a1_k20_b3/trees.tre,68,1.0,20.0,3.0,2.512374244841774,True
erik-sim/a1_k20_b3/trees.tre,69,1.0,20.0,3.0,4.334459336001122,True
erik-sim/a1_k20_b3/trees.tre,70,1.0,20.0,3.0,2.003128094408569,True
erik-sim/a1_k20_b3/trees.tre,72,1.0,20.0,3.0,4.273420966674176,True
erik-sim/a1_k20_b3/trees.tre,73,1.0,20.0,3.0,3.0554284534417193,True
erik-sim/a1_k20_b3/trees.tre,74,1.0,20.0,3.0,2.8743142826195056,True
erik-sim/a1_k20_b3/trees.tre,77,1.0,20.0,3.0,2.409306050148976,True
erik-sim/a1_k20_b3/trees.tre,78,1.0,20.0,3.0,2.9530949587580677,True
erik-sim/a1_k20_b3/trees.tre,79,1.0,20.0,3.0,1.9000450171436878,True
erik-sim/a1_k20_b3/trees.tre,83,1.0,20.0,3.0,2.9591388888288717,True
erik-sim/a1_k20_b3/trees.tre,84,1.0,20.0,3.0,2.697177065592273,True
erik-sim/a1_k20_b3/trees.tre,85,1.0,20.0,3.0,2.1949674370010137,True
erik-sim/a1_k20_b3/trees.tre,87,1.0,20.0,3.0,2.080576547681035,True
erik-sim/a1_k20_b3/trees.tre,88,1.0,20.0,3.0,1.9501899472383302,True
erik-sim/a1_k20_b3/trees.tre,90,1.0,20.0,3.0,3.004617424159241,True
erik-sim/a1_k20_b3/trees.tre,92,1.0,20.0,3.0,3.5031657475948315,True
erik-sim/a1_k20_b3/trees.tre,94,1.0,20.0,3.0,2.5714157487732576,True
erik-sim/a1_k20_b3/trees.tre,95,1.0,20.0,3.0,2.2006506958614738,True
erik-sim/a1_k20_b3/trees.tre,96,1.0,20.0,3.0,4.1704912620940044,True
erik-sim/a1_k20_b3/trees.tre,97,1.0,20.0,3.0,1.6914075260577568,True
erik-sim/a1_k20_b3/trees.tre,98,1.0,20.0,3.0,1.9181467912768664,True
erik-sim/a1_k20_b3/trees.tre,99,1.0,20.0,3.0,2.1365603932301314,True
erik-sim/a1_k20_b3/trees.tre,100,1.0,20.0,3.0,4.294915574818541,True
erik-sim/a1_k20_b3/trees.tre,101,1.0,20.0,3.0,2.7125285918306465,True
erik-sim/a1_k20_b3/trees.tre,102,1.0,20.0,3.0,2.099549662106984,True
erik-sim/a1_k20_b3/trees.tre,103,1.0,20.0,3.0,3.2160812140525556,True
erik-sim/a1_k20_b3/trees.tre,104,1.0,20.0,3.0,2.609177067933851,True
erik-sim/a1_k20_b3/trees.tre,106,1.0,20.0,3.0,3.874197618005184,True
erik-sim/a1_k20_b3/trees.tre,111,1.0,20.0,3.0,2.758627893469824,True
erik-sim/a1_k20_b3/trees.tre,112,1.0,20.0,3.0,3.7354332494491658,True
erik-sim/a1_k20_b3/trees.tre,113,1.0,20.0,3.0,2.758432973877845,True
erik-sim/a1_k20_b3/trees.tre,114,1.0,20.0,3.0,2.9006599298383087,True
erik-sim/a1_k20_b3/trees.tre,115,1.0,20.0,3.0,2.1376552903635604,True
erik-sim/a1_k20_b3/trees.tre,116,1.0,20.0,3.0,2.5698690220370812,True
erik-sim/a1_k20_b3/trees.tre,118,1.0,20.0,3.0,3.0440357197714465,True
erik-sim/a1_k20_b3/trees.tre,120,1.0,20.0,3.0,3.322472648507003,True
erik-sim/a1_k20_b3/trees.tre,122,1.0,20.0,3.0,2.093615483156939,True
erik-sim/a1_k20_b3/trees.tre,123,1.0,20.0,3.0,2.2520773146893527,True
erik-sim/a1_k20_b3/trees.tre,124,1.0,20.0,3.0,3.9950625977509584,True
erik-sim/a1_k20_b3/trees.tre,125,1.0,20.0,3.0,3.333369634061529,True
erik-sim/a1_k20_b3/trees.tre,126,1.0,20.0,3.0,4.011151803777287,True
erik-sim/a1_k20_b3/trees.tre,127,1.0,20.0,3.0,2.9816583117734172,True
erik-sim/a1_k20_b3/trees.tre,128,1.0,20.0,3.0,2.0160766947672206,True
erik-sim/a1_k20_b3/trees.tre,131,1.0,20.0,3.0,1.968942605970248,True
erik-sim/a1_k20_b3/trees.tre,132,1.0,20.0,3.0,3.106826321999777,True
erik-sim/a1_k20_b3/trees.tre,133,1.0,20.0,3.0,2.8105568164592345,True
erik-sim/a1_k20_b3/trees.tre,134,1.0,20.0,3.0,2.0245077402101863,True
erik-sim/a1_k20_b3/trees.tre,135,1.0,20.0,3.0,2.9324624473461522,True
erik-sim/a1_k20_b3/trees.tre,136,1.0,20.0,3.0,1.6975148482162419,True
erik-sim/a1_k20_b3/trees.tre,137,1.0,20.0,3.0,2.6888556334434277,True
erik-sim/a1_k20_b4/trees.tre,2,1.0,20.0,4.0,3.297678980441117,True
erik-sim/a1_k20_b4/trees.tre,3,1.0,20.0,4.0,2.9701595195084245,True
erik-sim/a1_k20_b4/trees.tre,5,1.0,20.0,4.0,4.173109478277442,True
erik-sim/a1_k20_b4/trees.tre,6,1.0,20.0,4.0,3.7148236938604864,True
erik-sim/a1_k20_b4/trees.tre,7,1.0,20.0,4.0,3.8184124861041986,True
erik-sim/a1_k20_b4/trees.tre,8,1.0,20.0,4.0,4.976446840888651,True
erik-sim/a1_k20_b4/trees.tre,9,1.0,20.0,4.0,3.064666475013548,True
erik-sim/a1_k20_b4/trees.tre,10,1.0,20.0,4.0,5.3426714006446625,True
erik-sim/a1_k20_b4/trees.tre,11,1.0,20.0,4.0,4.974830062719369,True
erik-sim/a1_k20_b4/trees.tre,12,1.0,20.0,4.0,3.75550349085862,True
erik-sim/a1_k20_b4/trees.tre,15,1.0,20.0,4.0,4.217500729190543,True
erik-sim/a1_k20_b4/trees.tre,16,1.0,20.0,4.0,2.408344780728976,True
erik-sim/a1_k20_b4/trees.tre,18,1.0,20.0,4.0,2.553515712249951,True
erik-sim/a1_k20_b4/trees.tre,19,1.0,20.0,4.0,3.775277871967282,True
erik-sim/a1_k20_b4/trees.tre,20,1.0,20.0,4.0,3.5062384166789826,True
erik-sim/a1_k20_b4/trees.tre,21,1.0,20.0,4.0,3.1510047654188815,True
erik-sim/a1_k20_b4/trees.tre,22,1.0,20.0,4.0,4.499431747331273,True
erik-sim/a1_k20_b4/trees.tre,23,1.0,20.0,4.0,3.9922900745951946,True
erik-sim/a1_k20_b4/trees.tre,24,1.0,20.0,4.0,3.5294081147600482,True
erik-sim/a1_k20_b4/trees.tre,25,1.0,20.0,4.0,2.1387059573506186,True
erik-sim/a1_k20_b4/trees.tre,26,1.0,20.0,4.0,3.4543824110281274,True
erik-sim/a1_k20_b4/trees.tre,27,1.0,20.0,4.0,2.556891131305466,True
erik-sim/a1_k20_b4/trees.tre,30,1.0,20.0,4.0,3.75677339777241,True
erik-sim/a1_k20_b4/trees.tre,31,1.0,20.0,4.0,3.4453148976817607,True
erik-sim/a1_k20_b4/trees.tre,32,1.0,20.0,4.0,5.064681378721598,True
erik-sim/a1_k20_b4/trees.tre,33,1.0,20.0,4.0,4.50281682486315,True
erik-sim/a1_k20_b4/trees.tre,35,1.0,20.0,4.0,4.075010986064097,True
erik-sim/a1_k20_b4/trees.tre,36,1.0,20.0,4.0,4.352833396786919,True
erik-sim/a1_k20_b4/trees.tre,38,1.0,20.0,4.0,4.689009070342844,True
erik-sim/a1_k20_b4/trees.tre,40,1.0,20.0,4.0,3.8971173112568747,True
erik-sim/a1_k20_b4/trees.tre,44,1.0,20.0,4.0,2.8017033462016894,True
erik-sim/a1_k20_b4/trees.tre,45,1.0,20.0,4.0,5.008409042102898,True
erik-sim/a1_k20_b4/trees.tre,46,1.0,20.0,4.0,2.7228792772123174,True
erik-sim/a1_k20_b4/trees.tre,47,1.0,20.0,4.0,3.7568674518190095,True
erik-sim/a1_k20_b4/trees.tre,48,1.0,20.0,4.0,4.426895237752017,True
erik-sim/a1_k20_b4/trees.tre,51,1.0,20.0,4.0,4.535001491288906,True
erik-sim/a1_k20_b4/trees.tre,52,1.0,20.0,4.0,2.6417122949985026,True
erik-sim/a1_k20_b4/trees.tre,53,1.0,20.0,4.0,4.214510049245888,True
erik-sim/a1_k20_b4/trees.tre,54,1.0,20.0,4.0,4.217555701482227,True
erik-sim/a1_k20_b4/trees.tre,58,1.0,20.0,4.0,4.674214361484013,True
erik-sim/a1_k20_b4/trees.tre,61,1.0,20.0,4.0,3.111564348522743,True
erik-sim/a1_k20_b4/trees.tre,62,1.0,20.0,4.0,5.129506693779571,True
erik-sim/a1_k20_b4/trees.tre,63,1.0,20.0,4.0,4.228132449470321,True
erik-sim/a1_k20_b4/trees.tre,67,1.0,20.0,4.0,3.597935199370562,True
erik-sim/a1_k20_b4/trees.tre,69,1.0,20.0,4.0,3.8655441818967646,True
erik-sim/a1_k20_b4/trees.tre,70,1.0,20.0,4.0,3.6826770030796507,True
erik-sim/a1_k20_b4/trees.tre,71,1.0,20.0,4.0,4.688390760056013,True
erik-sim/a1_k20_b4/trees.tre,72,1.0,20.0,4.0,4.368230206781237,True
erik-sim/a1_k20_b4/trees.tre,73,1.0,20.0,4.0,3.665848985841415,True
erik-sim/a1_k20_b4/trees.tre,74,1.0,20.0,4.0,3.4962258261753605,True
erik-sim/a1_k20_b4/trees.tre,79,1.0,20.0,4.0,3.294073094060042,True
erik-sim/a1_k20_b4/trees.tre,80,1.0,20.0,4.0,3.667487765035242,True
erik-sim/a1_k20_b4/trees.tre,81,1.0,20.0,4.0,4.782710374061882,True
erik-sim/a1_k20_b4/trees.tre,84,1.0,20.0,4.0,3.427011923915241,True
erik-sim/a1_k20_b4/trees.tre,86,1.0,20.0,4.0,3.705339089500994,True
erik-sim/a1_k20_b4/trees.tre,87,1.0,20.0,4.0,3.955713264304872,True
erik-sim/a1_k20_b4/trees.tre,88,1.0,20.0,4.0,4.2716333315533,True
erik-sim/a1_k20_b4/trees.tre,91,1.0,20.0,4.0,2.23406288345412,True
erik-sim/a1_k20_b4/trees.tre,92,1.0,20.0,4.0,2.6179083889395014,True
erik-sim/a1_k20_b4/trees.tre,93,1.0,20.0,4.0,3.566192495410903,True
erik-sim/a1_k20_b4/trees.tre,94,1.0,20.0,4.0,3.6798742940106024,True
erik-sim/a1_k20_b4/trees.tre,96,1.0,20.0,4.0,4.628776999288467,True
erik-sim/a1_k20_b4/trees.tre,97,1.0,20.0,4.0,4.132740244910402,True
erik-sim/a1_k20_b4/trees.tre,98,1.0,20.0,4.0,4.152686491729099,True
erik-sim/a1_k20_b4/trees.tre,99,1.0,20.0,4.0,5.271666447914133,True
erik-sim/a1_k20_b4/trees.tre,101,1.0,20.0,4.0,4.638644773169381,True
erik-sim/a1_k20_b4/trees.tre,103,1.0,20.0,4.0,2.9679225118980392,True
erik-sim/a1_k20_b4/trees.tre,104,1.0,20.0,4.0,4.4402639010516225,True
erik-sim/a1_k20_b4/trees.tre,105,1.0,20.0,4.0,4.291442216977889,True
erik-sim/a1_k20_b4/trees.tre,106,1.0,20.0,4.0,3.408152870553345,True
erik-sim/a1_k20_b4/trees.tre,108,1.0,20.0,4.0,4.895023127840818,True
erik-sim/a1_k20_b4/trees.tre,110,1.0,20.0,4.0,4.784638063421399,True
erik-sim/a1_k20_b4/trees.tre,111,1.0,20.0,4.0,3.552157784032204,True
erik-sim/a1_k20_b4/trees.tre,112,1.0,20.0,4.0,4.385161510669908,True
erik-sim/a1_k20_b4/trees.tre,114,1.0,20.0,4.0,4.300833261923197,True
erik-sim/a1_k20_b4/trees.tre,116,1.0,20.0,4.0,3.1292743825804643,True
erik-sim/a1_k20_b4/trees.tre,119,1.0,20.0,4.0,4.694213233197502,True
erik-sim/a1_k20_b4/trees.tre,120,1.0,20.0,4.0,4.105881072963386,True
erik-sim/a1_k20_b4/trees.tre,121,1.0,20.0,4.0,4.214284724569765,True
erik-sim/a1_k20_b4/trees.tre,122,1.0,20.0,4.0,3.3693658624617706,True
erik-sim/a1_k20_b4/trees.tre,126,1.0,20.0,4.0,4.301035247218324,True
erik-sim/a1_k20_b4/trees.tre,127,1.0,20.0,4.0,4.0680565267564734,True
erik-sim/a1_k20_b4/trees.tre,128,1.0,20.0,4.0,2.656200738991849,True
erik-sim/a1_k20_b4/trees.tre,129,1.0,20.0,4.0,3.8696405430941545,True
erik-sim/a1_k20_b4/trees.tre,131,1.0,20.0,4.0,4.87610935215006,True
erik-sim/a1_k20_b4/trees.tre,134,1.0,20.0,4.0,3.825378513126966,True
erik-sim/a1_k20_b4/trees.tre,137,1.0,20.0,4.0,2.7759539005766993,True
erik-sim/a1_k20_b4/trees.tre,142,1.0,20.0,4.0,2.7195022921454104,True
erik-sim/a1_k20_b4/trees.tre,143,1.0,20.0,4.0,4.029819144978629,True
erik-sim/a1_k20_b4/trees.tre,145,1.0,20.0,4.0,3.758900222235202,True
erik-sim/a1_k20_b4/trees.tre,146,1.0,20.0,4.0,3.7899120320456556,True
erik-sim/a1_k20_b4/trees.tre,147,1.0,20.0,4.0,4.7910917190535836,True
erik-sim/a1_k20_b4/trees.tre,152,1.0,20.0,4.0,4.5830252579009265,True
erik-sim/a1_k20_b4/trees.tre,153,1.0,20.0,4.0,2.9447380552953444,True
erik-sim/a1_k20_b4/trees.tre,155,1.0,20.0,4.0,2.884844686794848,True
erik-sim/a1_k20_b4/trees.tre,156,1.0,20.0,4.0,3.3523768889635734,True
erik-sim/a1_k20_b4/trees.tre,157,1.0,20.0,4.0,5.381873026544642,True
erik-sim/a1_k20_b4/trees.tre,162,1.0,20.0,4.0,2.685262680308753,True
erik-sim/a1_k20_b4/trees.tre,163,1.0,20.0,4.0,3.4937438812653383,True
erik-sim/a1_k20_b4/trees.tre,164,1.0,20.0,4.0,3.251803557772931,True
erik-sim/a5_k100_b1/trees.tre,1,5.0,100.0,1.0,1.0209210059318106,True
erik-sim/a5_k100_b1/trees.tre,3,5.0,100.0,1.0,1.0085490316921846,True
erik-sim/a5_k100_b1/trees.tre,4,5.0,100.0,1.0,1.0404278460201681,True
erik-sim/a5_k100_b1/trees.tre,5,5.0,100.0,1.0,0.8489856369724779,True
erik-sim/a5_k100_b1/trees.tre,6,5.0,100.0,1.0,0.8779162078508844,True
erik-sim/a5_k100_b1/trees.tre,7,5.0,100.0,1.0,0.9567630317434179,True
erik-sim/a5_k100_b1/trees.tre,8,5.0,100.0,1.0,0.9660592870751205,True
erik-sim/a5_k100_b1/trees.tre,9,5.0,100.0,1.0,0.8070846926337248,True
erik-sim/a5_k100_b1/trees.tre,10,5.0,100.0,1.0,1.026107262137204,True
erik-sim/a5_k100_b1/trees.tre,11,5.0,100.0,1.0,0.9268930402200054,True
erik-sim/a5_k100_b1/trees.tre,12,5.0,100.0,1.0,0.9565810331538794,True
erik-sim/a5_k100_b1/trees.tre,13,5.0,100.0,1.0,0.9957147411388272,True
erik-sim/a5_k100_b1/trees.tre,14,5.0,100.0,1.0,1.0479177939040112,True
erik-sim/a5_k100_b1/trees.tre,15,5.0,100.0,1.0,0.906661594468742,True
erik-sim/a5_k100_b1/trees.tre,16,5.0,100.0,1.0,0.9790999556773899,True
erik-sim/a5_k100_b1/trees.tre,17,5.0,100.0,1.0,1.1290138141345705,True
erik-sim/a5_k100_b1/trees.tre,18,5.0,100.0,1.0,1.0471136970481814,True
erik-sim/a5_k100_b1/trees.tre,19,5.0,100.0,1.0,0.9052712752905989,True
erik-sim/a5_k100_b1/trees.tre,20,5.0,100.0,1.0,1.0043825323931048,True
erik-sim/a5_k100_b1/trees.tre,22,5.0,100.0,1.0,1.0308024795653472,True
erik-sim/a5_k100_b1/trees.tre,23,5.0,100.0,1.0,1.0028479651014817,True
erik-sim/a5_k100_b1/trees.tre,24,5.0,100.0,1.0,0.863234714457483,True
erik-sim/a5_k100_b1/trees.tre,25,5.0,100.0,1.0,0.7708935070877131,True
erik-sim/a5_k100_b1/trees.tre,26,5.0,100.0,1.0,1.063259484998064,True
erik-sim/a5_k100_b1/trees.tre,27,5.0,100.0,1.0,0.8988859169404939,True
erik-sim/a5_k100_b1/trees.tre,28,5.0,100.0,1.0,0.9152779853247158,True
erik-sim/a5_k100_b1/trees.tre,29,5.0,100.0,1.0,1.0810296453527692,True
erik-sim/a5_k100_b1/trees.tre,30,5.0,100.0,1.0,1.2017827043439264,True
erik-sim/a5_k100_b1/trees.tre,31,5.0,100.0,1.0,0.9374976591765091,True
erik-sim/a5_k100_b1/trees.tre,32,5.0,100.0,1.0,0.8794604702189542,True
erik-sim/a5_k100_b1/trees.tre,33,5.0,100.0,1.0,0.9748747350792769,True
erik-sim/a5_k100_b1/trees.tre,34,5.0,100.0,1.0,0.8721539480258049,True
erik-sim/a5_k100_b1/trees.tre,38,5.0,100.0,1.0,0.9035670188595412,True
erik-sim/a5_k100_b1/trees.tre,39,5.0,100.0,1.0,0.9864725509557024,True
erik-sim/a5_k100_b1/trees.tre,40,5.0,100.0,1.0,1.0226556948085548,True
erik-sim/a5_k100_b1/trees.tre,41,5.0,100.0,1.0,0.9675614143727883,True
erik-sim/a5_k100_b1/trees.tre,42,5.0,100.0,1.0,0.898318835041301,True
erik-sim/a5_k100_b1/trees.tre,43,5.0,100.0,1.0,1.08525979530844,True
erik-sim/a5_k100_b1/trees.tre,44,5.0,100.0,1.0,1.2103540817901262,True
erik-sim/a5_k100_b1/trees.tre,45,5.0,100.0,1.0,1.0512511151086776,True
erik-sim/a5_k100_b1/trees.tre,46,5.0,100.0,1.0,1.1686462141473086,True
erik-sim/a5_k100_b1/trees.tre,47,5.0,100.0,1.0,1.048247883361756,True
erik-sim/a5_k100_b1/trees.tre,48,5.0,100.0,1.0,0.9551797072836892,True
erik-sim/a5_k100_b1/trees.tre,49,5.0,100.0,1.0,1.1415222124453768,True
erik-sim/a5_k100_b1/trees.tre,50,5.0,100.0,1.0,0.9668455614880943,True
erik-sim/a5_k100_b1/trees.tre,51,5.0,100.0,1.0,1.01449858681555,True
erik-sim/a5_k100_b1/trees.tre,53,5.0,100.0,1.0,1.18616921626134,True
erik-sim/a5_k100_b1/trees.tre,54,5.0,100.0,1.0,1.085792503076666,True
erik-sim/a5_k100_b1/trees.tre,55,5.0,100.0,1.0,0.9454958920772275,True
erik-sim/a5_k100_b1/trees.tre,56,5.0,100.0,1.0,1.0575988759485473,True
erik-sim/a5_k100_b1/trees.tre,57,5.0,100.0,1.0,0.9974350782344135,True
erik-sim/a5_k100_b1/trees.tre,58,5.0,100.0,1.0,1.1034028165716072,True
erik-sim/a5_k100_b1/trees.tre,59,5.0,100.0,1.0,0.8480255520989969,True
erik-sim/a5_k100_b1/trees.tre,60,5.0,100.0,1.0,0.8871316262124322,True
erik-sim/a5_k100_b1/trees.tre,61,5.0,100.0,1.0,1.0331115087049685,True
erik-sim/a5_k100_b1/trees.tre,62,5.0,100.0,1.0,0.8093483341819134,True
erik-sim/a5_k100_b1/trees.tre,63,5.0,100.0,1.0,1.297622195977522,True
erik-sim/a5_k100_b1/trees.tre,64,5.0,100.0,1.0,0.904098009093,True
erik-sim/a5_k100_b1/trees.tre,65,5.0,100.0,1.0,1.2317659554864302,True
erik-sim/a5_k100_b1/trees.tre,66,5.0,100.0,1.0,1.0139749235329678,True
erik-sim/a5_k100_b1/trees.tre,67,5.0,100.0,1.0,0.9060621929200352,True
erik-sim/a5_k100_b1/trees.tre,68,5.0,100.0,1.0,0.9881449426599263,True
erik-sim/a5_k100_b1/trees.tre,70,5.0,100.0,1.0,0.9559090330762353,True
erik-sim/a5_k100_b1/trees.tre,71,5.0,100.0,1.0,1.1632310844380334,True
erik-sim/a5_k100_b1/trees.tre,72,5.0,100.0,1.0,1.0882771758116154,True
erik-sim/a5_k100_b1/trees.tre,74,5.0,100.0,1.0,1.1795029739936362,True
erik-sim/a5_k100_b1/trees.tre,75,5.0,100.0,1.0,1.0360212759281762,True
erik-sim/a5_k100_b1/trees.tre,76,5.0,100.0,1.0,0.9114529581083451,True
erik-sim/a5_k100_b1/trees.tre,77,5.0,100.0,1.0,0.9577408948629464,True
erik-sim/a5_k100_b1/trees.tre,78,5.0,100.0,1.0,1.0679941874450793,True
erik-sim/a5_k100_b1/trees.tre,79,5.0,100.0,1.0,0.9359512313790977,True
erik-sim/a5_k100_b1/trees.tre,80,5.0,100.0,1.0,0.8380178659195204,True
erik-sim/a5_k100_b1/trees.tre,81,5.0,100.0,1.0,1.1360412806547062,True
erik-sim/a5_k100_b1/trees.tre,82,5.0,100.0,1.0,0.9068704517575747,True
erik-sim/a5_k100_b1/trees.tre,83,5.0,100.0,1.0,0.9825030653704657,True
erik-sim/a5_k100_b1/trees.tre,84,5.0,100.0,1.0,0.9798661466940981,True
erik-sim/a5_k100_b1/trees.tre,85,5.0,100.0,1.0,1.0048804163946805,True
erik-sim/a5_k100_b1/trees.tre,86,5.0,100.0,1.0,1.1615538184381646,True
erik-sim/a5_k100_b1/trees.tre,87,5.0,100.0,1.0,0.9755581200309613,True
erik-sim/a5_k100_b1/trees.tre,88,5.0,100.0,1.0,1.0586062731930597,True
erik-sim/a5_k100_b1/trees.tre,89,5.0,100.0,1.0,1.048309235673993,True
erik-sim/a5_k100_b1/trees.tre,90,5.0,100.0,1.0,0.9042829290525142,True
erik-sim/a5_k100_b1/trees.tre,91,5.0,100.0,1.0,0.9688644769328424,True
erik-sim/a5_k100_b1/trees.tre,92,5.0,100.0,1.0,1.02079698025005,True
erik-sim/a5_k100_b1/trees.tre,93,5.0,100.0,1.0,1.0465038782608664,True
erik-sim/a5_k100_b1/trees.tre,94,5.0,100.0,1.0,1.1249958249633334,True
erik-sim/a5_k100_b1/trees.tre,95,5.0,100.0,1.0,1.000675162625718,True
erik-sim/a5_k100_b1/trees.tre,96,5.0,100.0,1.0,1.0725014268330118,True
erik-sim/a5_k100_b1/trees.tre,97,5.0,100.0,1.0,1.0164255066354313,True
erik-sim/a5_k100_b1/trees.tre,98,5.0,100.0,1.0,0.8240927007119909,True
erik-sim/a5_k100_b1/trees.tre,99,5.0,100.0,1.0,0.8676039720361689,True
erik-sim/a5_k100_b1/trees.tre,100,5.0,100.0,1.0,0.8412076962008137,True
erik-sim/a5_k100_b1/trees.tre,101,5.0,100.0,1.0,1.2316895739454152,True
erik-sim/a5_k100_b1/trees.tre,102,5.0,100.0,1.0,0.8971151651997161,True
erik-sim/a5_k100_b1/trees.tre,103,5.0,100.0,1.0,1.2044108652198213,True
erik-sim/a5_k100_b1/trees.tre,104,5.0,100.0,1.0,0.930858609873814,True
erik-sim/a5_k100_b1/trees.tre,105,5.0,100.0,1.0,1.0571509874632226,True
erik-sim/a5_k100_b1/trees.tre,106,5.0,100.0,1.0,0.9297635055655967,True
erik-sim/a5_k100_b1/trees.tre,107,5.0,100.0,1.0,1.013140510967733,True
erik-sim/a5_k100_b1/trees.tre,108,5.0,100.0,1.0,0.6644124038306249,True
erik-sim/a5_k100_b2/trees.tre,1,5.0,100.0,2.0,2.0449432454022998,True
erik-sim/a5_k100_b2/trees.tre,3,5.0,100.0,2.0,2.017504631801542,True
erik-sim/a5_k100_b2/trees.tre,4,5.0,100.0,2.0,2.0810590853287656,True
erik-sim/a5_k100_b2/trees.tre,6,5.0,100.0,2.0,2.007010683035861,True
erik-sim/a5_k100_b2/trees.tre,7,5.0,100.0,2.0,2.105993208537768,True
erik-sim/a5_k100_b2/trees.tre,8,5.0,100.0,2.0,1.9105642790211534,True
erik-sim/a5_k100_b2/trees.tre,9,5.0,100.0,2.0,1.9170589552936472,True
erik-sim/a5_k100_b2/trees.tre,10,5.0,100.0,2.0,1.5978086318447968,True
erik-sim/a5_k100_b2/trees.tre,11,5.0,100.0,2.0,1.7991281932701821,True
erik-sim/a5_k100_b2/trees.tre,12,5.0,100.0,2.0,2.031580156674023,True
erik-sim/a5_k100_b2/trees.tre,13,5.0,100.0,2.0,2.4771455689685338,True
erik-sim/a5_k100_b2/trees.tre,14,5.0,100.0,2.0,1.7261758397146416,True
erik-sim/a5_k100_b2/trees.tre,15,5.0,100.0,2.0,2.2712734707621283,True
erik-sim/a5_k100_b2/trees.tre,16,5.0,100.0,2.0,1.8705130377577717,True
erik-sim/a5_k100_b2/trees.tre,17,5.0,100.0,2.0,2.12714553848114,True
erik-sim/a5_k100_b2/trees.tre,18,5.0,100.0,2.0,2.2486759002178522,True
erik-sim/a5_k100_b2/trees.tre,19,5.0,100.0,2.0,2.1750291171709146,True
erik-sim/a5_k100_b2/trees.tre,20,5.0,100.0,2.0,2.272943126475278,True
erik-sim/a5_k100_b2/trees.tre,21,5.0,100.0,2.0,1.8006245980761781,True
erik-sim/a5_k100_b2/trees.tre,22,5.0,100.0,2.0,1.9750336408375297,True
erik-sim/a5_k100_b2/trees.tre,23,5.0,100.0,2.0,1.9844533285536938,True
erik-sim/a5_k100_b2/trees.tre,26,5.0,100.0,2.0,1.6222336213432071,True
erik-sim/a5_k100_b2/trees.tre,27,5.0,100.0,2.0,1.7867145815605732,True
erik-sim/a5_k100_b2/trees.tre,28,5.0,100.0,2.0,2.097506478280319,True
erik-sim/a5_k100_b2/trees.tre,29,5.0,100.0,2.0,1.9872335233625729,True
erik-sim/a5_k100_b2/trees.tre,31,5.0,100.0,2.0,1.768509560453749,True
erik-sim/a5_k100_b2/trees.tre,32,5.0,100.0,2.0,1.8854714836702144,True
erik-sim/a5_k100_b2/trees.tre,33,5.0,100.0,2.0,2.0905329371743644,True
erik-sim/a5_k100_b2/trees.tre,34,5.0,100.0,2.0,2.0455087584237788,True
erik-sim/a5_k100_b2/trees.tre,36,5.0,100.0,2.0,1.7692158872195605,True
erik-sim/a5_k100_b2/trees.tre,38,5.0,100.0,2.0,2.1178439297618463,True
erik-sim/a5_k100_b2/trees.tre,39,5.0,100.0,2.0,2.291598895162165,True
erik-sim/a5_k100_b2/trees.tre,42,5.0,100.0,2.0,2.112867385025043,True
erik-sim/a5_k100_b2/trees.tre,43,5.0,100.0,2.0,1.836683285751668,True
erik-sim/a5_k100_b2/trees.tre,44,5.0,100.0,2.0,1.7547524221394737,True
erik-sim/a5_k100_b2/trees.tre,45,5.0,100.0,2.0,2.2298428200522364,True
erik-sim/a5_k100_b2/trees.tre,46,5.0,100.0,2.0,2.246721288864364,True
erik-sim/a5_k100_b2/trees.tre,48,5.0,100.0,2.0,2.018859119641031,True
erik-sim/a5_k100_b2/trees.tre,49,5.0,100.0,2.0,2.3123626248163967,True
erik-sim/a5_k100_b2/trees.tre,50,5.0,100.0,2.0,2.0179570524317754,True
erik-sim/a5_k100_b2/trees.tre,51,5.0,100.0,2.0,2.1115874260524774,True
erik-sim/a5_k100_b2/trees.tre,53,5.0,100.0,2.0,2.2431280415408574,True
erik-sim/a5_k100_b2/trees.tre,56,5.0,100.0,2.0,1.9196072868757548,True
erik-sim/a5_k100_b2/trees.tre,57,5.0,100.0,2.0,1.9024865844654888,True
erik-sim/a5_k100_b2/trees.tre,58,5.0,100.0,2.0,1.7460691021169428,True
erik-sim/a5_k100_b2/trees.tre,59,5.0,100.0,2.0,2.5467616210287254,True
erik-sim/a5_k100_b2/trees.tre,60,5.0,100.0,2.0,1.5736203617869127,True
erik-sim/a5_k100_b2/trees.tre,62,5.0,100.0,2.0,1.8867284973430172,True
erik-sim/a5_k100_b2/trees.tre,63,5.0,100.0,2.0,1.7992983681588537,True
erik-sim/a5_k100_b2/trees.tre,64,5.0,100.0,2.0,2.1266779800918094,True
erik-sim/a5_k100_b2/trees.tre,66,5.0,100.0,2.0,2.0527938842293887,True
erik-sim/a5_k100_b2/trees.tre,67,5.0,100.0,2.0,1.684372463735264,True
erik-sim/a5_k100_b2/trees.tre,68,5.0,100.0,2.0,2.1249454367303033,True
erik-sim/a5_k100_b2/trees.tre,69,5.0,100.0,2.0,1.9298713361001463,True
erik-sim/a5_k100_b2/trees.tre,70,5.0,100.0,2.0,1.7691747804951206,True
erik-sim/a5_k100_b2/trees.tre,71,5.0,100.0,2.0,1.9366493278471193,True
erik-sim/a5_k100_b2/trees.tre,72,5.0,100.0,2.0,2.353111100828753,True
erik-sim/a5_k100_b2/trees.tre,73,5.0,100.0,2.0,1.8402617581901526,True
erik-sim/a5_k100_b2/trees.tre,74,5.0,100.0,2.0,2.1182422097365605,True
erik-sim/a5_k100_b2/trees.tre,77,5.0,100.0,2.0,2.0977083872343973,True
erik-sim/a5_k100_b2/trees.tre,79,5.0,100.0,2.0,1.9311040810857008,True
erik-sim/a5_k100_b2/trees.tre,80,5.0,100.0,2.0,2.084483762163233,True
erik-sim/a5_k100_b2/trees.tre,81,5.0,100.0,2.0,2.156017498432204,True
erik-sim/a5_k100_b2/trees.tre,82,5.0,100.0,2.0,1.8347473754529504,True
erik-sim/a5_k100_b2/trees.tre,84,5.0,100.0,2.0,1.886221675971157,True
erik-sim/a5_k100_b2/trees.tre,85,5.0,100.0,2.0,2.088023328241215,True
erik-sim/a5_k100_b2/trees.tre,86,5.0,100.0,2.0,1.951887479725838,True
erik-sim/a5_k100_b2/trees.tre,87,5.0,100.0,2.0,2.238744101323778,True
erik-sim/a5_k100_b2/trees.tre,88,5.0,100.0,2.0,2.0313435781561666,True
erik-sim/a5_k100_b2/trees.tre,89,5.0,100.0,2.0,1.916557358834102,True
erik-sim/a5_k100_b2/trees.tre,90,5.0,100.0,2.0,2.070510326689423,True
erik-sim/a5_k100_b2/trees.tre,92,5.0,100.0,2.0,1.575424365688556,True
erik-sim/a5_k100_b2/trees.tre,93,5.0,100.0,2.0,1.9800185402396422,True
erik-sim/a5_k100_b2/trees.tre,94,5.0,100.0,2.0,2.007117340170987,True
erik-sim/a5_k100_b2/trees.tre,95,5.0,100.0,2.0,1.9662340920655428,True
erik-sim/a5_k100_b2/trees.tre,97,5.0,100.0,2.0,2.015728184211318,True
erik-sim/a5_k100_b2/trees.tre,98,5.0,100.0,2.0,1.8454468083168147,True
erik-sim/a5_k100_b2/trees.tre,100,5.0,100.0,2.0,2.4402972851474836,True
erik-sim/a5_k100_b2/trees.tre,101,5.0,100.0,2.0,1.9859431164998689,True
erik-sim/a5_k100_b2/trees.tre,102,5.0,100.0,2.0,2.16380011989621,True
erik-sim/a5_k100_b2/trees.tre,103,5.0,100.0,2.0,1.8212421604899842,True
erik-sim/a5_k100_b2/trees.tre,104,5.0,100.0,2.0,1.903529549584115,True
erik-sim/a5_k100_b2/trees.tre,107,5.0,100.0,2.0,2.0963537908971555,True
erik-sim/a5_k100_b2/trees.tre,110,5.0,100.0,2.0,2.068563399697159,True
erik-sim/a5_k100_b2/trees.tre,111,5.0,100.0,2.0,2.3373438572160845,True
erik-sim/a5_k100_b2/trees.tre,112,5.0,100.0,2.0,1.7061764240399215,True
erik-sim/a5_k100_b2/trees.tre,114,5.0,100.0,2.0,1.727036170078269,True
erik-sim/a5_k100_b2/trees.tre,115,5.0,100.0,2.0,2.5542628631055333,True
erik-sim/a5_k100_b2/trees.tre,116,5.0,100.0,2.0,2.083782000034592,True
erik-sim/a5_k100_b2/trees.tre,117,5.0,100.0,2.0,1.9336033006592137,True
erik-sim/a5_k100_b2/trees.tre,118,5.0,100.0,2.0,1.8746515450641628,True
erik-sim/a5_k100_b2/trees.tre,119,5.0,100.0,2.0,2.128853382863589,True
erik-sim/a5_k100_b2/trees.tre,120,5.0,100.0,2.0,2.059148697905252,True
erik-sim/a5_k100_b2/trees.tre,121,5.0,100.0,2.0,2.22925370530398,True
erik-sim/a5_k100_b2/trees.tre,123,5.0,100.0,2.0,1.9039238277337587,True
erik-sim/a5_k100_b2/trees.tre,124,5.0,100.0,2.0,1.6346879268293455,True
erik-sim/a5_k100_b2/trees.tre,125,5.0,100.0,2.0,2.086030656772254,True
erik-sim/a5_k100_b2/trees.tre,126,5.0,100.0,2.0,2.002536581426383,True
erik-sim/a5_k100_b2/trees.tre,129,5.0,100.0,2.0,1.5979154235232225,True
erik-sim/a5_k100_b2/trees.tre,131,5.0,100.0,2.0,2.0468400392106627,True
erik-sim/a5_k100_b3/trees.tre,2,5.0,100.0,3.0,3.36583728141448,True
erik-sim/a5_k100_b3/trees.tre,4,5.0,100.0,3.0,2.8719342598938167,True
erik-sim/a5_k100_b3/trees.tre,5,5.0,100.0,3.0,3.2661273179188153,True
erik-sim/a5_k100_b3/trees.tre,6,5.0,100.0,3.0,2.9811683981261523,True
erik-sim/a5_k100_b3/trees.tre,7,5.0,100.0,3.0,3.587320596431054,True
erik-sim/a5_k100_b3/trees.tre,8,5.0,100.0,3.0,3.064218156628976,True
erik-sim/a5_k100_b3/trees.tre,9,5.0,100.0,3.0,3.013282687494542,True
erik-sim/a5_k100_b3/trees.tre,10,5.0,100.0,3.0,2.89964593951691,True
erik-sim/a5_k100_b3/trees.tre,11,5.0,100.0,3.0,2.9542940489689524,True
erik-sim/a5_k100_b3/trees.tre,13,5.0,100.0,3.0,2.384952651924056,True
erik-sim/a5_k100_b3/trees.tre,16,5.0,100.0,3.0,3.1452135952713585,True
erik-sim/a5_k100_b3/trees.tre,17,5.0,100.0,3.0,3.1373253071324747,True
erik-sim/a5_k100_b3/trees.tre,18,5.0,100.0,3.0,3.098937608556345,True
erik-sim/a5_k100_b3/trees.tre,19,5.0,100.0,3.0,2.7189542646843163,True
erik-sim/a5_k100_b3/trees.tre,22,5.0,100.0,3.0,3.133693909399355,True
erik-sim/a5_k100_b3/trees.tre,23,5.0,100.0,3.0,2.962981716502352,True
erik-sim/a5_k100_b3/trees.tre,26,5.0,100.0,3.0,2.4223782902831825,True
erik-sim/a5_k100_b3/trees.tre,27,5.0,100.0,3.0,2.9769345604531043,True
erik-sim/a5_k100_b3/trees.tre,29,5.0,100.0,3.0,3.0748464225535788,True
erik-sim/a5_k100_b3/trees.tre,30,5.0,100.0,3.0,3.3636066371706,True
erik-sim/a5_k100_b3/trees.tre,32,5.0,100.0,3.0,2.7149357369916935,True
erik-sim/a5_k100_b3/trees.tre,35,5.0,100.0,3.0,2.54777773061445,True
erik-sim/a5_k100_b3/trees.tre,37,5.0,100.0,3.0,2.6708507761828733,True
erik-sim/a5_k100_b3/trees.tre,38,5.0,100.0,3.0,3.918053220535604,True
erik-sim/a5_k100_b3/trees.tre,40,5.0,100.0,3.0,2.748019029305409,True
erik-sim/a5_k100_b3/trees.tre,41,5.0,100.0,3.0,2.7406865679848176,True
erik-sim/a5_k100_b3/trees.tre,45,5.0,100.0,3.0,2.327991587447447,True
erik-sim/a5_k100_b3/trees.tre,47,5.0,100.0,3.0,2.752761668125533,True
erik-sim/a5_k100_b3/trees.tre,49,5.0,100.0,3.0,3.2338496572751425,True
erik-sim/a5_k100_b3/trees.tre,51,5.0,100.0,3.0,3.0974500620039986,True
erik-sim/a5_k100_b3/trees.tre,52,5.0,100.0,3.0,2.9781952582449613,True
erik-sim/a5_k100_b3/trees.tre,54,5.0,100.0,3.0,3.357127060345372,True
erik-sim/a5_k100_b3/trees.tre,56,5.0,100.0,3.0,2.5071761668746095,True
erik-sim/a5_k100_b3/trees.tre,57,5.0,100.0,3.0,2.684232079011184,True
erik-sim/a5_k100_b3/trees.tre,58,5.0,100.0,3.0,3.483690124800995,True
erik-sim/a5_k100_b3/trees.tre,59,5.0,100.0,3.0,2.9060672378206887,True
erik-sim/a5_k100_b3/trees.tre,60,5.0,100.0,3.0,3.2320005545864317,True
erik-sim/a5_k100_b3/trees.tre,61,5.0,100.0,3.0,2.5461001234486864,True
erik-sim/a5_k100_b3/trees.tre,62,5.0,100.0,3.0,2.6296535307772038,True
erik-sim/a5_k100_b3/trees.tre,63,5.0,100.0,3.0,2.779151187082696,True
erik-sim/a5_k100_b3/trees.tre,65,5.0,100.0,3.0,3.2564081495894106,True
erik-sim/a5_k100_b3/trees.tre,67,5.0,100.0,3.0,3.4975214617616137,True
erik-sim/a5_k100_b3/trees.tre,68,5.0,100.0,3.0,2.9274820005745807,True
erik-sim/a5_k100_b3/trees.tre,70,5.0,100.0,3.0,2.872676516040077,True
erik-sim/a5_k100_b3/trees.tre,71,5.0,100.0,3.0,3.016998099836759,True
erik-sim/a5_k100_b3/trees.tre,72,5.0,100.0,3.0,3.50371512097089,True
erik-sim/a5_k100_b3/trees.tre,73,5.0,100.0,3.0,2.9918177229412946,True
erik-sim/a5_k100_b3/trees.tre,74,5.0,100.0,3.0,3.4912459208440096,True
erik-sim/a5_k100_b3/trees.tre,75,5.0,100.0,3.0,3.291138594120731,True
erik-sim/a5_k100_b3/trees.tre,76,5.0,100.0,3.0,2.9544521602225258,True
erik-sim/a5_k100_b3/trees.tre,78,5.0,100.0,3.0,2.7926978754283494,True
erik-sim/a5_k100_b3/trees.tre,79,5.0,100.0,3.0,3.01918628170477,True
erik-sim/a5_k100_b3/trees.tre,81,5.0,100.0,3.0,2.6786010736676333,True
erik-sim/a5_k100_b3/trees.tre,83,5.0,100.0,3.0,3.030172168685642,True
erik-sim/a5_k100_b3/trees.tre,84,5.0,100.0,3.0,2.6614782791312814,True
erik-sim/a5_k100_b3/trees.tre,85,5.0,100.0,3.0,2.984687218530144,True
erik-sim/a5_k100_b3/trees.tre,86,5.0,100.0,3.0,3.0192113556260938,True
erik-sim/a5_k100_b3/trees.tre,87,5.0,100.0,3.0,2.748562633368065,True
erik-sim/a5_k100_b3/trees.tre,88,5.0,100.0,3.0,2.9784759341785314,True
erik-sim/a5_k100_b3/trees.tre,89,5.0,100.0,3.0,3.565391227204091,True
erik-sim/a5_k100_b3/trees.tre,90,5.0,100.0,3.0,2.658428643952268,True
erik-sim/a5_k100_b3/trees.tre,91,5.0,100.0,3.0,2.9551367083919438,True
erik-sim/a5_k100_b3/trees.tre,92,5.0,100.0,3.0,3.568494752729578,True
erik-sim/a5_k100_b3/trees.tre,94,5.0,100.0,3.0,3.301264063474583,True
erik-sim/a5_k100_b3/trees.tre,98,5.0,100.0,3.0,2.61742229883775,True
erik-sim/a5_k100_b3/trees.tre,99,5.0,100.0,3.0,2.763814616868204,True
erik-sim/a5_k100_b3/trees.tre,101,5.0,100.0,3.0,2.778973408909903,True
erik-sim/a5_k100_b3/trees.tre,105,5.0,100.0,3.0,2.91315342170563,True
erik-sim/a5_k100_b3/trees.tre,106,5.0,100.0,3.0,3.2090525278836206,True
erik-sim/a5_k100_b3/trees.tre,107,5.0,100.0,3.0,2.869971498772856,True
erik-sim/a5_k100_b3/trees.tre,108,5.0,100.0,3.0,2.784171955475638,True
erik-sim/a5_k100_b3/trees.tre,109,5.0,100.0,3.0,2.778639900889699,True
erik-sim/a5_k100_b3/trees.tre,110,5.0,100.0,3.0,3.1225038091005777,True
erik-sim/a5_k100_b3/trees.tre,112,5.0,100.0,3.0,2.5739852541576607,True
erik-sim/a5_k100_b3/trees.tre,113,5.0,100.0,3.0,3.044175645334984,True
erik-sim/a5_k100_b3/trees.tre,114,5.0,100.0,3.0,3.192354564198328,True
erik-sim/a5_k100_b3/trees.tre,117,5.0,100.0,3.0,2.79185807857694,True
erik-sim/a5_k100_b3/trees.tre,118,5.0,100.0,3.0,3.107479943972458,True
erik-sim/a5_k100_b3/trees.tre,120,5.0,100.0,3.0,2.9946174045828413,True
erik-sim/a5_k100_b3/trees.tre,123,5.0,100.0,3.0,2.373300928220573,True
erik-sim/a5_k100_b3/trees.tre,124,5.0,100.0,3.0,2.8943735508062085,True
erik-sim/a5_k100_b3/trees.tre,129,5.0,100.0,3.0,3.222974803888088,True
erik-sim/a5_k100_b3/trees.tre,131,5.0,100.0,3.0,3.1168488549910918,True
erik-sim/a5_k100_b3/trees.tre,133,5.0,100.0,3.0,3.5830062811183283,True
erik-sim/a5_k100_b3/trees.tre,136,5.0,100.0,3.0,3.041901013466973,True
erik-sim/a5_k100_b3/trees.tre,138,5.0,100.0,3.0,3.2672130144629783,True
erik-sim/a5_k100_b3/trees.tre,139,5.0,100.0,3.0,3.3362529052748986,True
erik-sim/a5_k100_b3/trees.tre,142,5.0,100.0,3.0,2.842538271956912,True
erik-sim/a5_k100_b3/trees.tre,143,5.0,100.0,3.0,3.366467193034884,True
erik-sim/a5_k100_b3/trees.tre,145,5.0,100.0,3.0,2.47116657047437,True
erik-sim/a5_k100_b3/trees.tre,147,5.0,100.0,3.0,3.1622059976774812,True
erik-sim/a5_k100_b3/trees.tre,148,5.0,100.0,3.0,3.3830867307771255,True
erik-sim/a5_k100_b3/trees.tre,149,5.0,100.0,3.0,2.841398956799993,True
erik-sim/a5_k100_b3/trees.tre,152,5.0,100.0,3.0,3.0801018901999804,True
erik-sim/a5_k100_b3/trees.tre,154,5.0,100.0,3.0,2.491761781256988,True
erik-sim/a5_k100_b3/trees.tre,155,5.0,100.0,3.0,2.978736422042993,True
erik-sim/a5_k100_b3/trees.tre,157,5.0,100.0,3.0,3.269310251638954,True
erik-sim/a5_k100_b3/trees.tre,159,5.0,100.0,3.0,2.3994480558927407,True
erik-sim/a5_k100_b3/trees.tre,162,5.0,100.0,3.0,2.774393301560891,True
erik-sim/a5_k100_b3/trees.tre,164,5.0,100.0,3.0,3.25360367925581,True
erik-sim/a5_k100_b4/trees.tre,2,5.0,100.0,4.0,4.491891337910878,True
erik-sim/a5_k100_b4/trees.tre,4,5.0,100.0,4.0,3.795572264304596,True
erik-sim/a5_k100_b4/trees.tre,6,5.0,100.0,4.0,4.771343199483246,True
erik-sim/a5_k100_b4/trees.tre,11,5.0,100.0,4.0,3.4150524337261667,True
erik-sim/a5_k100_b4/trees.tre,14,5.0,100.0,4.0,3.535240941215849,True
erik-sim/a5_k100_b4/trees.tre,15,5.0,100.0,4.0,4.002560186111786,True
erik-sim/a5_k100_b4/trees.tre,19,5.0,100.0,4.0,4.207724713942492,True
erik-sim/a5_k100_b4/trees.tre,21,5.0,100.0,4.0,3.664783592706023,True
erik-sim/a5_k100_b4/trees.tre,28,5.0,100.0,4.0,3.35667144533448,True
erik-sim/a5_k100_b4/trees.tre,30,5.0,100.0,4.0,3.452204457995982,True
erik-sim/a5_k100_b4/trees.tre,31,5.0,100.0,4.0,3.7186555402916315,True
erik-sim/a5_k100_b4/trees.tre,32,5.0,100.0,4.0,3.556347155801738,True
erik-sim/a5_k100_b4/trees.tre,35,5.0,100.0,4.0,3.9188387898799273,True
erik-sim/a5_k100_b4/trees.tre,40,5.0,100.0,4.0,3.822295278305757,True
erik-sim/a5_k100_b4/trees.tre,42,5.0,100.0,4.0,4.473716840411847,True
erik-sim/a5_k100_b4/trees.tre,43,5.0,100.0,4.0,4.6278221482058175,True
erik-sim/a5_k100_b4/trees.tre,47,5.0,100.0,4.0,3.616590224912641,True
erik-sim/a5_k100_b4/trees.tre,48,5.0,100.0,4.0,4.348768934973141,True
erik-sim/a5_k100_b4/trees.tre,49,5.0,100.0,4.0,3.883327864883053,True
erik-sim/a5_k100_b4/trees.tre,51,5.0,100.0,4.0,3.3619809345771494,True
erik-sim/a5_k100_b4/trees.tre,53,5.0,100.0,4.0,4.471376179959685,True
erik-sim/a5_k100_b4/trees.tre,55,5.0,100.0,4.0,4.19282202966642,True
erik-sim/a5_k100_b4/trees.tre,64,5.0,100.0,4.0,3.9696567723056844,True
erik-sim/a5_k100_b4/trees.tre,65,5.0,100.0,4.0,3.27075661255811,True
erik-sim/a5_k100_b4/trees.tre,67,5.0,100.0,4.0,3.89287113268263,True
erik-sim/a5_k100_b4/trees.tre,72,5.0,100.0,4.0,3.701041613022508,True
erik-sim/a5_k100_b4/trees.tre,75,5.0,100.0,4.0,3.9242324294149804,True
erik-sim/a5_k100_b4/trees.tre,77,5.0,100.0,4.0,4.029407826793415,True
erik-sim/a5_k100_b4/trees.tre,79,5.0,100.0,4.0,3.6251678508920717,True
erik-sim/a5_k100_b4/trees.tre,84,5.0,100.0,4.0,3.63151517729286,True
erik-sim/a5_k100_b4/trees.tre,85,5.0,100.0,4.0,3.900527119612473,True
erik-sim/a5_k100_b4/trees.tre,90,5.0,100.0,4.0,3.7284671429580953,True
erik-sim/a5_k100_b4/trees.tre,91,5.0,100.0,4.0,3.861627551514509,True
erik-sim/a5_k100_b4/trees.tre,94,5.0,100.0,4.0,3.409164951785451,True
erik-sim/a5_k100_b4/trees.tre,95,5.0,100.0,4.0,4.377839746517987,True
erik-sim/a5_k100_b4/trees.tre,97,5.0,100.0,4.0,3.884627228975833,True
erik-sim/a5_k100_b4/trees.tre,99,5.0,100.0,4.0,4.227387683864757,True
erik-sim/a5_k100_b4/trees.tre,100,5.0,100.0,4.0,3.677039945966548,True
erik-sim/a5_k100_b4/trees.tre,102,5.0,100.0,4.0,3.2379350432372074,True
erik-sim/a5_k100_b4/trees.tre,107,5.0,100.0,4.0,3.527186105383339,True
erik-sim/a5_k100_b4/trees.tre,109,5.0,100.0,4.0,4.458822736327929,True
erik-sim/a5_k100_b4/trees.tre,113,5.0,100.0,4.0,3.3732245154954525,True
erik-sim/a5_k100_b4/trees.tre,116,5.0,100.0,4.0,3.3465539531287467,True
erik-sim/a5_k100_b4/trees.tre,119,5.0,100.0,4.0,4.475751265016216,True
erik-sim/a5_k100_b4/trees.tre,120,5.0,100.0,4.0,3.8399191908994843,True
erik-sim/a5_k100_b4/trees.tre,122,5.0,100.0,4.0,3.1221580263809585,True
erik-sim/a5_k100_b4/trees.tre,123,5.0,100.0,4.0,3.759549327599396,True
erik-sim/a5_k100_b4/trees.tre,125,5.0,100.0,4.0,4.076462570420051,True
erik-sim/a5_k100_b4/trees.tre,129,5.0,100.0,4.0,4.382491867510579,True
erik-sim/a5_k100_b4/trees.tre,132,5.0,100.0,4.0,3.814029825590229,True
erik-sim/a5_k100_b4/trees.tre,134,5.0,100.0,4.0,3.6724111379528592,True
erik-sim/a5_k100_b4/trees.tre,136,5.0,100.0,4.0,3.9754269171534533,True
erik-sim/a5_k100_b4/trees.tre,143,5.0,100.0,4.0,4.661078315685868,True
erik-sim/a5_k100_b4/trees.tre,144,5.0,100.0,4.0,4.1559974838324045,True
erik-sim/a5_k100_b4/trees.tre,145,5.0,100.0,4.0,4.024519012694939,True
erik-sim/a5_k100_b4/trees.tre,147,5.0,100.0,4.0,3.525053774974652,True
erik-sim/a5_k100_b4/trees.tre,148,5.0,100.0,4.0,4.142406298315907,True
erik-sim/a5_k100_b4/trees.tre,154,5.0,100.0,4.0,4.364984905600227,True
erik-sim/a5_k100_b4/trees.tre,156,5.0,100.0,4.0,3.6550025410069127,True
erik-sim/a5_k100_b4/trees.tre,161,5.0,100.0,4.0,3.9327007624697403,True
erik-sim/a5_k100_b4/trees.tre,162,5.0,100.0,4.0,3.93871784081636,True
erik-sim/a5_k100_b4/trees.tre,167,5.0,100.0,4.0,4.249455289308521,True
erik-sim/a5_k100_b4/trees.tre,168,5.0,100.0,4.0,4.8174904272253185,True
erik-sim/a5_k100_b4/trees.tre,171,5.0,100.0,4.0,4.02271036677458,True
erik-sim/a5_k100_b4/trees.tre,174,5.0,100.0,4.0,3.52186083316855,True
erik-sim/a5_k100_b4/trees.tre,176,5.0,100.0,4.0,3.852839281339419,True
erik-sim/a5_k100_b4/trees.tre,177,5.0,100.0,4.0,4.826465491750452,True
erik-sim/a5_k100_b4/trees.tre,178,5.0,100.0,4.0,3.273931173352002,True
erik-sim/a5_k100_b4/trees.tre,179,5.0,100.0,4.0,3.8819998694835167,True
erik-sim/a5_k100_b4/trees.tre,181,5.0,100.0,4.0,4.0873904543220165,True
erik-sim/a5_k100_b4/trees.tre,186,5.0,100.0,4.0,3.7921784088096833,True
erik-sim/a5_k100_b4/trees.tre,187,5.0,100.0,4.0,4.160190525101646,True
erik-sim/a5_k100_b4/trees.tre,189,5.0,100.0,4.0,3.2829795556064347,True
erik-sim/a5_k100_b4/trees.tre,191,5.0,100.0,4.0,3.3795012435598104,True
erik-sim/a5_k100_b4/trees.tre,192,5.0,100.0,4.0,4.061342385147222,True
erik-sim/a5_k100_b4/trees.tre,194,5.0,100.0,4.0,4.344113634544195,True
erik-sim/a5_k100_b4/trees.tre,195,5.0,100.0,4.0,3.405224747341678,True
erik-sim/a5_k100_b4/trees.tre,197,5.0,100.0,4.0,3.1403371921029586,True
erik-sim/a5_k100_b4/trees.tre,200,5.0,100.0,4.0,3.9363413917078973,True
erik-sim/a5_k100_b4/trees.tre,206,5.0,100.0,4.0,4.1323815133296,True
erik-sim/a5_k100_b4/trees.tre,215,5.0,100.0,4.0,3.483150836869882,True
erik-sim/a5_k100_b4/trees.tre,216,5.0,100.0,4.0,3.6792502997901764,True
erik-sim/a5_k100_b4/trees.tre,217,5.0,100.0,4.0,4.10293718927588,True
erik-sim/a5_k100_b4/trees.tre,219,5.0,100.0,4.0,4.075392284563873,True
erik-sim/a5_k100_b4/trees.tre,220,5.0,100.0,4.0,4.002061067507698,True
erik-sim/a5_k100_b4/trees.tre,225,5.0,100.0,4.0,3.6816544812134437,True
erik-sim/a5_k100_b4/trees.tre,227,5.0,100.0,4.0,4.345328487360106,True
erik-sim/a5_k100_b4/trees.tre,228,5.0,100.0,4.0,3.5262542464979774,True
erik-sim/a5_k100_b4/trees.tre,229,5.0,100.0,4.0,4.235809002061664,True
erik-sim/a5_k100_b4/trees.tre,232,5.0,100.0,4.0,3.4416765316612037,True
erik-sim/a5_k100_b4/trees.tre,233,5.0,100.0,4.0,4.354739940769245,True
erik-sim/a5_k100_b4/trees.tre,240,5.0,100.0,4.0,3.9942430272562417,True
erik-sim/a5_k100_b4/trees.tre,242,5.0,100.0,4.0,3.7096642328126905,True
erik-sim/a5_k100_b4/trees.tre,245,5.0,100.0,4.0,3.593798692982331,True
erik-sim/a5_k100_b4/trees.tre,246,5.0,100.0,4.0,4.486773965706039,True
erik-sim/a5_k100_b4/trees.tre,249,5.0,100.0,4.0,4.416096019578074,True
erik-sim/a5_k100_b4/trees.tre,254,5.0,100.0,4.0,3.783950888231428,True
erik-sim/a5_k100_b4/trees.tre,255,5.0,100.0,4.0,3.865681416454894,True
erik-sim/a5_k100_b4/trees.tre,256,5.0,100.0,4.0,3.941325367317806,True
erik-sim/a5_k100_b4/trees.tre,257,5.0,100.0,4.0,3.6169260677455624,True
erik-sim/a5_k20_b1/trees.tre,1,5.0,20.0,1.0,0.9625726480400809,True
erik-sim/a5_k20_b1/trees.tre,2,5.0,20.0,1.0,0.9079606940847651,True
erik-sim/a5_k20_b1/trees.tre,3,5.0,20.0,1.0,0.7955359406572408,True
erik-sim/a5_k20_b1/trees.tre,4,5.0,20.0,1.0,1.389997948946962,True
erik-sim/a5_k20_b1/trees.tre,5,5.0,20.0,1.0,1.3169499730599283,True
erik-sim/a5_k20_b1/trees.tre,6,5.0,20.0,1.0,1.3368287986672935,True
erik-sim/a5_k20_b1/trees.tre,7,5.0,20.0,1.0,0.8105505124447944,True
erik-sim/a5_k20_b1/trees.tre,8,5.0,20.0,1.0,0.9619489798101943,True
erik-sim/a5_k20_b1/trees.tre,10,5.0,20.0,1.0,0.776743056372258,True
erik-sim/a5_k20_b1/trees.tre,11,5.0,20.0,1.0,0.843846983623815,True
erik-sim/a5_k20_b1/trees.tre,12,5.0,20.0,1.0,0.8912900311893017,True
erik-sim/a5_k20_b1/trees.tre,13,5.0,20.0,1.0,0.8862357915249355,True
erik-sim/a5_k20_b1/trees.tre,14,5.0,20.0,1.0,0.9690552792242059,True
erik-sim/a5_k20_b1/trees.tre,15,5.0,20.0,1.0,1.3545233525338958,True
erik-sim/a5_k20_b1/trees.tre,16,5.0,20.0,1.0,0.9859214341862758,True
erik-sim/a5_k20_b1/trees.tre,17,5.0,20.0,1.0,1.0119990650655406,True
erik-sim/a5_k20_b1/trees.tre,18,5.0,20.0,1.0,0.591720907669645,True
erik-sim/a5_k20_b1/trees.tre,19,5.0,20.0,1.0,0.7565236522807541,True
erik-sim/a5_k20_b1/trees.tre,20,5.0,20.0,1.0,0.5899364888876284,True
erik-sim/a5_k20_b1/trees.tre,21,5.0,20.0,1.0,0.9799921789205879,True
erik-sim/a5_k20_b1/trees.tre,22,5.0,20.0,1.0,1.0286900350565755,True
erik-sim/a5_k20_b1/trees.tre,23,5.0,20.0,1.0,0.8791770942084124,True
erik-sim/a5_k20_b1/trees.tre,24,5.0,20.0,1.0,1.4640189062048288,True
erik-sim/a5_k20_b1/trees.tre,25,5.0,20.0,1.0,1.1757080770976323,True
erik-sim/a5_k20_b1/trees.tre,26,5.0,20.0,1.0,1.1185956724911494,True
erik-sim/a5_k20_b1/trees.tre,27,5.0,20.0,1.0,1.2674152523199638,True
erik-sim/a5_k20_b1/trees.tre,28,5.0,20.0,1.0,0.9614332279737318,True
erik-sim/a5_k20_b1/trees.tre,29,5.0,20.0,1.0,0.9447257335469468,True
erik-sim/a5_k20_b1/trees.tre,30,5.0,20.0,1.0,1.2004765168626794,True
erik-sim/a5_k20_b1/trees.tre,31,5.0,20.0,1.0,0.9418610522670297,True
erik-sim/a5_k20_b1/trees.tre,32,5.0,20.0,1.0,1.293621810651329,True
erik-sim/a5_k20_b1/trees.tre,33,5.0,20.0,1.0,0.9258517428888283,True
erik-sim/a5_k20_b1/trees.tre,34,5.0,20.0,1.0,0.7337757213214418,True
erik-sim/a5_k20_b1/trees.tre,35,5.0,20.0,1.0,0.7142497677026952,True
erik-sim/a5_k20_b1/trees.tre,36,5.0,20.0,1.0,0.6782330496737171,True
erik-sim/a5_k20_b1/trees.tre,37,5.0,20.0,1.0,1.4295196870014035,True
erik-sim/a5_k20_b1/trees.tre,38,5.0,20.0,1.0,0.765819719886214,True
erik-sim/a5_k20_b1/trees.tre,39,5.0,20.0,1.0,1.1931277407077407,True
erik-sim/a5_k20_b1/trees.tre,40,5.0,20.0,1.0,1.4119526965451106,True
erik-sim/a5_k20_b1/trees.tre,41,5.0,20.0,1.0,1.0879852937579422,True
erik-sim/a5_k20_b1/trees.tre,42,5.0,20.0,1.0,0.9615816913229241,True
erik-sim/a5_k20_b1/trees.tre,43,5.0,20.0,1.0,0.9188656714320588,True
erik-sim/a5_k20_b1/trees.tre,44,5.0,20.0,1.0,1.0370220024629415,True
erik-sim/a5_k20_b1/trees.tre,45,5.0,20.0,1.0,1.0229602481614026,True
erik-sim/a5_k20_b1/trees.tre,46,5.0,20.0,1.0,0.7693693701509886,True
erik-sim/a5_k20_b1/trees.tre,48,5.0,20.0,1.0,0.6569495924336596,True
erik-sim/a5_k20_b1/trees.tre,49,5.0,20.0,1.0,0.8734329013006303,True
erik-sim/a5_k20_b1/trees.tre,50,5.0,20.0,1.0,1.0104499938585274,True
erik-sim/a5_k20_b1/trees.tre,51,5.0,20.0,1.0,1.0266221606252863,True
erik-sim/a5_k20_b1/trees.tre,52,5.0,20.0,1.0,0.9641058589324811,True
erik-sim/a5_k20_b1/trees.tre,53,5.0,20.0,1.0,1.2528588969754038,True
erik-sim/a5_k20_b1/trees.tre,54,5.0,20.0,1.0,0.9659492714441689,True
erik-sim/a5_k20_b1/trees.tre,55,5.0,20.0,1.0,1.1615430274047411,True
erik-sim/a5_k20_b1/trees.tre,56,5.0,20.0,1.0,0.9260601752576791,True
erik-sim/a5_k20_b1/trees.tre,57,5.0,20.0,1.0,0.8929238395613156,True
erik-sim/a5_k20_b1/trees.tre,58,5.0,20.0,1.0,1.0535880269029838,True
erik-sim/a5_k20_b1/trees.tre,59,5.0,20.0,1.0,1.3344409994929418,True
erik-sim/a5_k20_b1/trees.tre,60,5.0,20.0,1.0,0.9897245928598472,True
erik-sim/a5_k20_b1/trees.tre,61,5.0,20.0,1.0,0.6602324534007848,True
erik-sim/a5_k20_b1/trees.tre,62,5.0,20.0,1.0,1.2038446068927242,True
erik-sim/a5_k20_b1/trees.tre,63,5.0,20.0,1.0,1.3858866219775994,True
erik-sim/a5_k20_b1/trees.tre,65,5.0,20.0,1.0,1.0298248371316139,True
erik-sim/a5_k20_b1/trees.tre,66,5.0,20.0,1.0,0.5705553214159677,True
erik-sim/a5_k20_b1/trees.tre,67,5.0,20.0,1.0,0.643831260873276,True
erik-sim/a5_k20_b1/trees.tre,68,5.0,20.0,1.0,0.8495065563434768,True
erik-sim/a5_k20_b1/trees.tre,69,5.0,20.0,1.0,1.2099754954874662,True
erik-sim/a5_k20_b1/trees.tre,70,5.0,20.0,1.0,0.9714972640661796,True
erik-sim/a5_k20_b1/trees.tre,71,5.0,20.0,1.0,0.9326790618589715,True
erik-sim/a5_k20_b1/trees.tre,72,5.0,20.0,1.0,1.6044944041890314,True
erik-sim/a5_k20_b1/trees.tre,73,5.0,20.0,1.0,0.840982878843861,True
erik-sim/a5_k20_b1/trees.tre,74,5.0,20.0,1.0,0.6788840809136306,True
erik-sim/a5_k20_b1/trees.tre,75,5.0,20.0,1.0,0.653040946997888,True
erik-sim/a5_k20_b1/trees.tre,76,5.0,20.0,1.0,0.9307252887934314,True
erik-sim/a5_k20_b1/trees.tre,78,5.0,20.0,1.0,1.1495474516558402,True
erik-sim/a5_k20_b1/trees.tre,79,5.0,20.0,1.0,1.2827143005234518,True
erik-sim/a5_k20_b1/trees.tre,80,5.0,20.0,1.0,0.8226479322231767,True
erik-sim/a5_k20_b1/trees.tre,81,5.0,20.0,1.0,0.8674947711297906,True
erik-sim/a5_k20_b1/trees.tre,82,5.0,20.0,1.0,0.9858577725121977,True
erik-sim/a5_k20_b1/trees.tre,83,5.0,20.0,1.0,0.8877443997068909,True
erik-sim/a5_k20_b1/trees.tre,84,5.0,20.0,1.0,1.1705616920720427,True
erik-sim/a5_k20_b1/trees.tre,85,5.0,20.0,1.0,1.2405448397236638,True
erik-sim/a5_k20_b1/trees.tre,86,5.0,20.0,1.0,0.979913085695447,True
erik-sim/a5_k20_b1/trees.tre,87,5.0,20.0,1.0,0.7635807071803008,True
erik-sim/a5_k20_b1/trees.tre,88,5.0,20.0,1.0,0.8372356294863218,True
erik-sim/a5_k20_b1/trees.tre,89,5.0,20.0,1.0,1.1553056915384015,True
erik-sim/a5_k20_b1/trees.tre,90,5.0,20.0,1.0,0.6511378265415819,True
erik-sim/a5_k20_b1/trees.tre,91,5.0,20.0,1.0,1.0505236774345645,True
erik-sim/a5_k20_b1/trees.tre,92,5.0,20.0,1.0,0.9494231510287561,True
erik-sim/a5_k20_b1/trees.tre,93,5.0,20.0,1.0,1.1893019554922004,True
erik-sim/a5_k20_b1/trees.tre,94,5.0,20.0,1.0,1.1933534564369952,True
erik-sim/a5_k20_b1/trees.tre,95,5.0,20.0,1.0,1.0655644575150587,True
erik-sim/a5_k20_b1/trees.tre,96,5.0,20.0,1.0,1.0018371347937962,True
erik-sim/a5_k20_b1/trees.tre,97,5.0,20.0,1.0,1.7757244037627438,True
erik-sim/a5_k20_b1/trees.tre,98,5.0,20.0,1.0,1.0450062573581655,True
erik-sim/a5_k20_b1/trees.tre,99,5.0,20.0,1.0,0.8485880736332247,True
erik-sim/a5_k20_b1/trees.tre,100,5.0,20.0,1.0,0.711225331928734,True
erik-sim/a5_k20_b1/trees.tre,101,5.0,20.0,1.0,1.0548036504949745,True
erik-sim/a5_k20_b1/trees.tre,102,5.0,20.0,1.0,0.7160765453380846,True
erik-sim/a5_k20_b1/trees.tre,103,5.0,20.0,1.0,1.2594335536485637,True
erik-sim/a5_k20_b1/trees.tre,104,5.0,20.0,1.0,0.7351051401656391,True
erik-sim/a5_k20_b2/trees.tre,1,5.0,20.0,2.0,1.8218135345407065,True
erik-sim/a5_k20_b2/trees.tre,2,5.0,20.0,2.0,3.056865435027057,True
erik-sim/a5_k20_b2/trees.tre,5,5.0,20.0,2.0,1.8654743542709653,True
erik-sim/a5_k20_b2/trees.tre,6,5.0,20.0,2.0,1.604223799999748,True
erik-sim/a5_k20_b2/trees.tre,8,5.0,20.0,2.0,2.265232962657294,True
erik-sim/a5_k20_b2/trees.tre,9,5.0,20.0,2.0,1.6757473616911833,True
erik-sim/a5_k20_b2/trees.tre,11,5.0,20.0,2.0,1.97492969043126,True
erik-sim/a5_k20_b2/trees.tre,15,5.0,20.0,2.0,2.0291480099862094,True
erik-sim/a5_k20_b2/trees.tre,16,5.0,20.0,2.0,1.1326362438580397,True
erik-sim/a5_k20_b2/trees.tre,17,5.0,20.0,2.0,2.710659739135601,True
erik-sim/a5_k20_b2/trees.tre,18,5.0,20.0,2.0,1.6808392955181417,True
erik-sim/a5_k20_b2/trees.tre,19,5.0,20.0,2.0,2.702232658387507,True
erik-sim/a5_k20_b2/trees.tre,20,5.0,20.0,2.0,2.088553254163226,True
erik-sim/a5_k20_b2/trees.tre,21,5.0,20.0,2.0,1.8821498661494853,True
erik-sim/a5_k20_b2/trees.tre,23,5.0,20.0,2.0,2.935003955869845,True
erik-sim/a5_k20_b2/trees.tre,25,5.0,20.0,2.0,2.2234500178013272,True
erik-sim/a5_k20_b2/trees.tre,26,5.0,20.0,2.0,1.8785165320312351,True
erik-sim/a5_k20_b2/trees.tre,29,5.0,20.0,2.0,1.5560600937633793,True
erik-sim/a5_k20_b2/trees.tre,30,5.0,20.0,2.0,1.466697162875361,True
erik-sim/a5_k20_b2/trees.tre,31,5.0,20.0,2.0,2.0622664125933468,True
erik-sim/a5_k20_b2/trees.tre,32,5.0,20.0,2.0,2.2592555465890176,True
erik-sim/a5_k20_b2/trees.tre,33,5.0,20.0,2.0,2.599150763548548,True
erik-sim/a5_k20_b2/trees.tre,34,5.0,20.0,2.0,1.5264429267542023,True
erik-sim/a5_k20_b2/trees.tre,35,5.0,20.0,2.0,2.106231070306908,True
erik-sim/a5_k20_b2/trees.tre,37,5.0,20.0,2.0,2.328156112680132,True
erik-sim/a5_k20_b2/trees.tre,40,5.0,20.0,2.0,1.6279973932643153,True
erik-sim/a5_k20_b2/trees.tre,41,5.0,20.0,2.0,1.2654231134099383,True
erik-sim/a5_k20_b2/trees.tre,42,5.0,20.0,2.0,2.177901253031288,True
erik-sim/a5_k20_b2/trees.tre,43,5.0,20.0,2.0,2.060214335260142,True
erik-sim/a5_k20_b2/trees.tre,44,5.0,20.0,2.0,1.870403994760573,True
erik-sim/a5_k20_b2/trees.tre,45,5.0,20.0,2.0,2.2968218559279223,True
erik-sim/a5_k20_b2/trees.tre,46,5.0,20.0,2.0,2.016533735558829,True
erik-sim/a5_k20_b2/trees.tre,47,5.0,20.0,2.0,1.6194130038793833,True
erik-sim/a5_k20_b2/trees.tre,48,5.0,20.0,2.0,1.653024163426169,True
erik-sim/a5_k20_b2/trees.tre,49,5.0,20.0,2.0,2.206638596406626,True
erik-sim/a5_k20_b2/trees.tre,50,5.0,20.0,2.0,1.6516695473528524,True
erik-sim/a5_k20_b2/trees.tre,52,5.0,20.0,2.0,1.4958952274505246,True
erik-sim/a5_k20_b2/trees.tre,53,5.0,20.0,2.0,1.5039268488175455,True
erik-sim/a5_k20_b2/trees.tre,54,5.0,20.0,2.0,2.3152587499026906,True
erik-sim/a5_k20_b2/trees.tre,55,5.0,20.0,2.0,2.512255595835681,True
erik-sim/a5_k20_b2/trees.tre,56,5.0,20.0,2.0,1.8657064434492763,True
erik-sim/a5_k20_b2/trees.tre,58,5.0,20.0,2.0,1.5925227874804935,True
erik-sim/a5_k20_b2/trees.tre,59,5.0,20.0,2.0,1.3687290126058582,True
erik-sim/a5_k20_b2/trees.tre,60,5.0,20.0,2.0,2.456121660772901,True
erik-sim/a5_k20_b2/trees.tre,61,5.0,20.0,2.0,2.210981654955432,True
erik-sim/a5_k20_b2/trees.tre,62,5.0,20.0,2.0,1.4499760231085386,True
erik-sim/a5_k20_b2/trees.tre,63,5.0,20.0,2.0,1.9597508769237368,True
erik-sim/a5_k20_b2/trees.tre,64,5.0,20.0,2.0,3.0260914997110118,True
erik-sim/a5_k20_b2/trees.tre,65,5.0,20.0,2.0,1.6917227048687444,True
erik-sim/a5_k20_b2/trees.tre,66,5.0,20.0,2.0,2.1272092315258977,True
erik-sim/a5_k20_b2/trees.tre,69,5.0,20.0,2.0,1.9702792896294523,True
erik-sim/a5_k20_b2/trees.tre,70,5.0,20.0,2.0,2.9519443442135116,True
erik-sim/a5_k20_b2/trees.tre,71,5.0,20.0,2.0,2.270459689746303,True
erik-sim/a5_k20_b2/trees.tre,72,5.0,20.0,2.0,2.0622736173915848,True
erik-sim/a5_k20_b2/trees.tre,73,5.0,20.0,2.0,1.6896264081123056,True
erik-sim/a5_k20_b2/trees.tre,74,5.0,20.0,2.0,2.479878202886184,True
erik-sim/a5_k20_b2/trees.tre,75,5.0,20.0,2.0,2.5061635277273404,True
erik-sim/a5_k20_b2/trees.tre,77,5.0,20.0,2.0,2.5702502148117636,True
erik-sim/a5_k20_b2/trees.tre,79,5.0,20.0,2.0,1.7278025653125744,True
erik-sim/a5_k20_b2/trees.tre,80,5.0,20.0,2.0,1.5677308416886169,True
erik-sim/a5_k20_b2/trees.tre,83,5.0,20.0,2.0,1.5067891427592774,True
erik-sim/a5_k20_b2/trees.tre,84,5.0,20.0,2.0,2.641828049732639,True
erik-sim/a5_k20_b2/trees.tre,85,5.0,20.0,2.0,1.7478281433620149,True
erik-sim/a5_k20_b2/trees.tre,86,5.0,20.0,2.0,1.7010353792023605,True
erik-sim/a5_k20_b2/trees.tre,87,5.0,20.0,2.0,1.585692898293973,True
erik-sim/a5_k20_b2/trees.tre,88,5.0,20.0,2.0,2.198837270682371,True
erik-sim/a5_k20_b2/trees.tre,89,5.0,20.0,2.0,2.0945648960285963,True
erik-sim/a5_k20_b2/trees.tre,91,5.0,20.0,2.0,1.0411482010680302,True
erik-sim/a5_k20_b2/trees.tre,93,5.0,20.0,2.0,2.3967755174308287,True
erik-sim/a5_k20_b2/trees.tre,94,5.0,20.0,2.0,1.930754151981745,True
erik-sim/a5_k20_b2/trees.tre,95,5.0,20.0,2.0,1.9590675677539608,True
erik-sim/a5_k20_b2/trees.tre,96,5.0,20.0,2.0,1.6310427080093681,True
erik-sim/a5_k20_b2/trees.tre,98,5.0,20.0,2.0,1.9741270953105023,True
erik-sim/a5_k20_b2/trees.tre,99,5.0,20.0,2.0,1.1958949558444503,True
erik-sim/a5_k20_b2/trees.tre,100,5.0,20.0,2.0,2.52192765072275,True
erik-sim/a5_k20_b2/trees.tre,103,5.0,20.0,2.0,2.1530212738439967,True
erik-sim/a5_k20_b2/trees.tre,105,5.0,20.0,2.0,2.4213330336506305,True
erik-sim/a5_k20_b2/trees.tre,106,5.0,20.0,2.0,1.616231936178031,True
erik-sim/a5_k20_b2/trees.tre,107,5.0,20.0,2.0,1.9563169256143116,True
erik-sim/a5_k20_b2/trees.tre,108,5.0,20.0,2.0,2.32545966624845,True
erik-sim/a5_k20_b2/trees.tre,109,5.0,20.0,2.0,1.5340499111757404,True
erik-sim/a5_k20_b2/trees.tre,110,5.0,20.0,2.0,1.7262473719522782,True
erik-sim/a5_k20_b2/trees.tre,111,5.0,20.0,2.0,1.99649755956789,True
erik-sim/a5_k20_b2/trees.tre,112,5.0,20.0,2.0,2.4336705780086096,True
erik-sim/a5_k20_b2/trees.tre,113,5.0,20.0,2.0,1.907035605902084,True
erik-sim/a5_k20_b2/trees.tre,114,5.0,20.0,2.0,2.3749620451801245,True
erik-sim/a5_k20_b2/trees.tre,115,5.0,20.0,2.0,1.6259330424757437,True
erik-sim/a5_k20_b2/trees.tre,117,5.0,20.0,2.0,1.8960610845519024,True
erik-sim/a5_k20_b2/trees.tre,119,5.0,20.0,2.0,2.0668620176272894,True
erik-sim/a5_k20_b2/trees.tre,121,5.0,20.0,2.0,1.5018067408856948,True
erik-sim/a5_k20_b2/trees.tre,122,5.0,20.0,2.0,1.6846256276050573,True
erik-sim/a5_k20_b2/trees.tre,124,5.0,20.0,2.0,2.0565223079666355,True
erik-sim/a5_k20_b2/trees.tre,125,5.0,20.0,2.0,2.3547516877697436,True
erik-sim/a5_k20_b2/trees.tre,126,5.0,20.0,2.0,2.120634623482354,True
erik-sim/a5_k20_b2/trees.tre,128,5.0,20.0,2.0,1.5208131075962403,True
erik-sim/a5_k20_b2/trees.tre,130,5.0,20.0,2.0,1.665898471458322,True
erik-sim/a5_k20_b2/trees.tre,132,5.0,20.0,2.0,0.9916942971424875,True
erik-sim/a5_k20_b2/trees.tre,133,5.0,20.0,2.0,1.3890592395797896,True
erik-sim/a5_k20_b2/trees.tre,134,5.0,20.0,2.0,2.0267924963266193,True
erik-sim/a5_k20_b2/trees.tre,139,5.0,20.0,2.0,2.1458206785869014,True
erik-sim/a5_k20_b3/trees.tre,1,5.0,20.0,3.0,2.646165502275593,True
erik-sim/a5_k20_b3/trees.tre,3,5.0,20.0,3.0,2.4771391789146637,True
erik-sim/a5_k20_b3/trees.tre,4,5.0,20.0,3.0,2.601911413259413,True
erik-sim/a5_k20_b3/trees.tre,6,5.0,20.0,3.0,2.923205240256646,True
erik-sim/a5_k20_b3/trees.tre,7,5.0,20.0,3.0,2.978841299881944,True
erik-sim/a5_k20_b3/trees.tre,8,5.0,20.0,3.0,2.1792800286994414,True
erik-sim/a5_k20_b3/trees.tre,9,5.0,20.0,3.0,3.256609937065715,True
erik-sim/a5_k20_b3/trees.tre,11,5.0,20.0,3.0,2.995152237739734,True
erik-sim/a5_k20_b3/trees.tre,12,5.0,20.0,3.0,4.080294248591127,True
erik-sim/a5_k20_b3/trees.tre,13,5.0,20.0,3.0,2.5059584594130593,True
erik-sim/a5_k20_b3/trees.tre,14,5.0,20.0,3.0,2.563036454532468,True
erik-sim/a5_k20_b3/trees.tre,15,5.0,20.0,3.0,2.4842810055175257,True
erik-sim/a5_k20_b3/trees.tre,17,5.0,20.0,3.0,3.260430372601381,True
erik-sim/a5_k20_b3/trees.tre,18,5.0,20.0,3.0,3.444140620416822,True
erik-sim/a5_k20_b3/trees.tre,20,5.0,20.0,3.0,1.9902996893794702,True
erik-sim/a5_k20_b3/trees.tre,22,5.0,20.0,3.0,2.307629617517808,True
erik-sim/a5_k20_b3/trees.tre,23,5.0,20.0,3.0,2.6552319758406333,True
erik-sim/a5_k20_b3/trees.tre,24,5.0,20.0,3.0,2.6197392579740866,True
erik-sim/a5_k20_b3/trees.tre,25,5.0,20.0,3.0,4.931825628830235,True
erik-sim/a5_k20_b3/trees.tre,28,5.0,20.0,3.0,2.438334307544043,True
erik-sim/a5_k20_b3/trees.tre,29,5.0,20.0,3.0,2.8757035661314116,True
erik-sim/a5_k20_b3/trees.tre,30,5.0,20.0,3.0,2.4837225624366046,True
erik-sim/a5_k20_b3/trees.tre,32,5.0,20.0,3.0,2.3736805643184242,True
erik-sim/a5_k20_b3/trees.tre,33,5.0,20.0,3.0,2.979777119152675,True
erik-sim/a5_k20_b3/trees.tre,34,5.0,20.0,3.0,2.6809514947945283,True
erik-sim/a5_k20_b3/trees.tre,35,5.0,20.0,3.0,3.0182506121015815,True
erik-sim/a5_k20_b3/trees.tre,39,5.0,20.0,3.0,2.8633674059845307,True
erik-sim/a5_k20_b3/trees.tre,40,5.0,20.0,3.0,2.2833041944681787,True
erik-sim/a5_k20_b3/trees.tre,41,5.0,20.0,3.0,2.39147723930014,True
erik-sim/a5_k20_b3/trees.tre,43,5.0,20.0,3.0,3.4699752225501728,True
erik-sim/a5_k20_b3/trees.tre,44,5.0,20.0,3.0,4.118080960174595,True
erik-sim/a5_k20_b3/trees.tre,45,5.0,20.0,3.0,3.0313725369443922,True
erik-sim/a5_k20_b3/trees.tre,46,5.0,20.0,3.0,2.23275471136736,True
erik-sim/a5_k20_b3/trees.tre,47,5.0,20.0,3.0,2.9880604812250104,True
erik-sim/a5_k20_b3/trees.tre,48,5.0,20.0,3.0,3.511981358945867,True
erik-sim/a5_k20_b3/trees.tre,50,5.0,20.0,3.0,3.8415571696035196,True
erik-sim/a5_k20_b3/trees.tre,58,5.0,20.0,3.0,2.135221822228749,True
erik-sim/a5_k20_b3/trees.tre,59,5.0,20.0,3.0,2.5392781887153753,True
erik-sim/a5_k20_b3/trees.tre,60,5.0,20.0,3.0,3.6966650600870863,True
erik-sim/a5_k20_b3/trees.tre,62,5.0,20.0,3.0,2.6225865550725023,True
erik-sim/a5_k20_b3/trees.tre,63,5.0,20.0,3.0,2.640906478303725,True
erik-sim/a5_k20_b3/trees.tre,64,5.0,20.0,3.0,3.9880393931077776,True
erik-sim/a5_k20_b3/trees.tre,66,5.0,20.0,3.0,2.7849209000302912,True
erik-sim/a5_k20_b3/trees.tre,67,5.0,20.0,3.0,3.85497918596548,True
erik-sim/a5_k20_b3/trees.tre,68,5.0,20.0,3.0,2.5033593670531222,True
erik-sim/a5_k20_b3/trees.tre,72,5.0,20.0,3.0,2.5767388399791447,True
erik-sim/a5_k20_b3/trees.tre,75,5.0,20.0,3.0,2.416646101375022,True
erik-sim/a5_k20_b3/trees.tre,77,5.0,20.0,3.0,3.202750072670144,True
erik-sim/a5_k20_b3/trees.tre,78,5.0,20.0,3.0,2.349261748450751,True
erik-sim/a5_k20_b3/trees.tre,82,5.0,20.0,3.0,3.1157083675002784,True
erik-sim/a5_k20_b3/trees.tre,83,5.0,20.0,3.0,3.1833874910792,True
erik-sim/a5_k20_b3/trees.tre,84,5.0,20.0,3.0,2.8873851644877777,True
erik-sim/a5_k20_b3/trees.tre,85,5.0,20.0,3.0,2.029446462166523,True
erik-sim/a5_k20_b3/trees.tre,86,5.0,20.0,3.0,3.880804147649672,True
erik-sim/a5_k20_b3/trees.tre,87,5.0,20.0,3.0,1.4632087920726295,True
erik-sim/a5_k20_b3/trees.tre,89,5.0,20.0,3.0,2.1007092842028956,True
erik-sim/a5_k20_b3/trees.tre,90,5.0,20.0,3.0,3.3855803461655456,True
erik-sim/a5_k20_b3/trees.tre,91,5.0,20.0,3.0,1.7278294961872438,True
erik-sim/a5_k20_b3/trees.tre,95,5.0,20.0,3.0,2.500542835321574,True
erik-sim/a5_k20_b3/trees.tre,99,5.0,20.0,3.0,3.22386901612423,True
erik-sim/a5_k20_b3/trees.tre,100,5.0,20.0,3.0,2.4298640016915902,True
erik-sim/a5_k20_b3/trees.tre,101,5.0,20.0,3.0,2.3932416380150237,True
erik-sim/a5_k20_b3/trees.tre,105,5.0,20.0,3.0,2.356415071367951,True
erik-sim/a5_k20_b3/trees.tre,106,5.0,20.0,3.0,4.335340312126855,True
erik-sim/a5_k20_b3/trees.tre,107,5.0,20.0,3.0,2.853921883222276,True
erik-sim/a5_k20_b3/trees.tre,109,5.0,20.0,3.0,2.72238483705669,True
erik-sim/a5_k20_b3/trees.tre,110,5.0,20.0,3.0,2.420419874383975,True
erik-sim/a5_k20_b3/trees.tre,113,5.0,20.0,3.0,3.251538535524853,True
erik-sim/a5_k20_b3/trees.tre,114,5.0,20.0,3.0,4.274944005446194,True
erik-sim/a5_k20_b3/trees.tre,115,5.0,20.0,3.0,1.775072091072957,True
erik-sim/a5_k20_b3/trees.tre,116,5.0,20.0,3.0,2.525178681969589,True
erik-sim/a5_k20_b3/trees.tre,117,5.0,20.0,3.0,2.2551932650839066,True
erik-sim/a5_k20_b3/trees.tre,119,5.0,20.0,3.0,2.4235345682930283,True
erik-sim/a5_k20_b3/trees.tre,120,5.0,20.0,3.0,2.775237179029051,True
erik-sim/a5_k20_b3/trees.tre,124,5.0,20.0,3.0,2.26102576625566,True
erik-sim/a5_k20_b3/trees.tre,125,5.0,20.0,3.0,2.1947210474903778,True
erik-sim/a5_k20_b3/trees.tre,126,5.0,20.0,3.0,3.3571409538076797,True
erik-sim/a5_k20_b3/trees.tre,127,5.0,20.0,3.0,2.232381251989701,True
erik-sim/a5_k20_b3/trees.tre,128,5.0,20.0,3.0,2.67157592062047,True
erik-sim/a5_k20_b3/trees.tre,129,5.0,20.0,3.0,3.1806853329027938,True
erik-sim/a5_k20_b3/trees.tre,132,5.0,20.0,3.0,3.0437667635922594,True
erik-sim/a5_k20_b3/trees.tre,133,5.0,20.0,3.0,2.9571045332819237,True
erik-sim/a5_k20_b3/trees.tre,134,5.0,20.0,3.0,2.416684280489883,True
erik-sim/a5_k20_b3/trees.tre,135,5.0,20.0,3.0,3.106950266364108,True
erik-sim/a5_k20_b3/trees.tre,136,5.0,20.0,3.0,3.4248086768661996,True
erik-sim/a5_k20_b3/trees.tre,138,5.0,20.0,3.0,3.318562251769612,True
erik-sim/a5_k20_b3/trees.tre,139,5.0,20.0,3.0,3.171035976871283,True
erik-sim/a5_k20_b3/trees.tre,140,5.0,20.0,3.0,3.4742886879675297,True
erik-sim/a5_k20_b3/trees.tre,141,5.0,20.0,3.0,1.5885369122371502,True
erik-sim/a5_k20_b3/trees.tre,146,5.0,20.0,3.0,2.312239085032166,True
erik-sim/a5_k20_b3/trees.tre,147,5.0,20.0,3.0,2.91739478456578,True
erik-sim/a5_k20_b3/trees.tre,148,5.0,20.0,3.0,3.0473263045953822,True
erik-sim/a5_k20_b3/trees.tre,149,5.0,20.0,3.0,1.925315620144802,True
erik-sim/a5_k20_b3/trees.tre,151,5.0,20.0,3.0,2.1529699553067454,True
erik-sim/a5_k20_b3/trees.tre,153,5.0,20.0,3.0,2.3335367087576504,True
erik-sim/a5_k20_b3/trees.tre,155,5.0,20.0,3.0,2.569677737791181,True
erik-sim/a5_k20_b3/trees.tre,156,5.0,20.0,3.0,3.0193640529765675,True
erik-sim/a5_k20_b3/trees.tre,157,5.0,20.0,3.0,3.2155733144752956,True
erik-sim/a5_k20_b3/trees.tre,158,5.0,20.0,3.0,1.95742430816771,True
erik-sim/a5_k20_b3/trees.tre,159,5.0,20.0,3.0,3.764815691385276,True
erik-sim/a5_k20_b4/trees.tre,2,5.0,20.0,4.0,3.306302211989554,True
erik-sim/a5_k20_b4/trees.tre,3,5.0,20.0,4.0,2.9751922550366805,True
erik-sim/a5_k20_b4/trees.tre,7,5.0,20.0,4.0,2.7288715097592746,True
erik-sim/a5_k20_b4/trees.tre,8,5.0,20.0,4.0,4.14230338454294,True
erik-sim/a5_k20_b4/trees.tre,9,5.0,20.0,4.0,4.9141316865012055,True
erik-sim/a5_k20_b4/trees.tre,10,5.0,20.0,4.0,3.1472945987365812,True
erik-sim/a5_k20_b4/trees.tre,13,5.0,20.0,4.0,2.5000131247136395,True
erik-sim/a5_k20_b4/trees.tre,15,5.0,20.0,4.0,3.7357855455405273,True
erik-sim/a5_k20_b4/trees.tre,24,5.0,20.0,4.0,2.3131129868089406,True
erik-sim/a5_k20_b4/trees.tre,29,5.0,20.0,4.0,2.811114781002947,True
erik-sim/a5_k20_b4/trees.tre,31,5.0,20.0,4.0,4.567450813722865,True
erik-sim/a5_k20_b4/trees.tre,32,5.0,20.0,4.0,2.9623862514551336,True
erik-sim/a5_k20_b4/trees.tre,33,5.0,20.0,4.0,4.42256323833923,True
erik-sim/a5_k20_b4/trees.tre,34,5.0,20.0,4.0,3.3010940721130426,True
erik-sim/a5_k20_b4/trees.tre,36,5.0,20.0,4.0,3.069014125048053,True
erik-sim/a5_k20_b4/trees.tre,40,5.0,20.0,4.0,4.88958871995054,True
erik-sim/a5_k20_b4/trees.tre,42,5.0,20.0,4.0,4.34794835890803,True
erik-sim/a5_k20_b4/trees.tre,47,5.0,20.0,4.0,5.071689586374854,True
erik-sim/a5_k20_b4/trees.tre,48,5.0,20.0,4.0,3.1145285909977383,True
erik-sim/a5_k20_b4/trees.tre,49,5.0,20.0,4.0,2.273663906113232,True
erik-sim/a5_k20_b4/trees.tre,50,5.0,20.0,4.0,3.0481310469281793,True
erik-sim/a5_k20_b4/trees.tre,51,5.0,20.0,4.0,2.872042685757823,True
erik-sim/a5_k20_b4/trees.tre,52,5.0,20.0,4.0,3.4856716585655207,True
erik-sim/a5_k20_b4/trees.tre,54,5.0,20.0,4.0,3.466420593539664,True
erik-sim/a5_k20_b4/trees.tre,55,5.0,20.0,4.0,2.5113931808080254,True
erik-sim/a5_k20_b4/trees.tre,57,5.0,20.0,4.0,3.9815228936492675,True
erik-sim/a5_k20_b4/trees.tre,63,5.0,20.0,4.0,2.6579040963234473,True
erik-sim/a5_k20_b4/trees.tre,64,5.0,20.0,4.0,2.5632322409384325,True
erik-sim/a5_k20_b4/trees.tre,65,5.0,20.0,4.0,3.4456361619619846,True
erik-sim/a5_k20_b4/trees.tre,67,5.0,20.0,4.0,2.8216737124295257,True
erik-sim/a5_k20_b4/trees.tre,72,5.0,20.0,4.0,3.8073254656601803,True
erik-sim/a5_k20_b4/trees.tre,75,5.0,20.0,4.0,2.875752474496554,True
erik-sim/a5_k20_b4/trees.tre,84,5.0,20.0,4.0,3.139689849294494,True
erik-sim/a5_k20_b4/trees.tre,87,5.0,20.0,4.0,2.734667963838017,True
erik-sim/a5_k20_b4/trees.tre,88,5.0,20.0,4.0,4.928765157030271,True
erik-sim/a5_k20_b4/trees.tre,89,5.0,20.0,4.0,2.871093717172551,True
erik-sim/a5_k20_b4/trees.tre,91,5.0,20.0,4.0,3.3534045667981225,True
erik-sim/a5_k20_b4/trees.tre,92,5.0,20.0,4.0,2.681873849331565,True
erik-sim/a5_k20_b4/trees.tre,94,5.0,20.0,4.0,4.620978882975655,True
erik-sim/a5_k20_b4/trees.tre,95,5.0,20.0,4.0,3.780982701738324,True
erik-sim/a5_k20_b4/trees.tre,96,5.0,20.0,4.0,4.737536999499434,True
erik-sim/a5_k20_b4/trees.tre,98,5.0,20.0,4.0,3.448296254321834,True
erik-sim/a5_k20_b4/trees.tre,109,5.0,20.0,4.0,3.9592952681917515,True
erik-sim/a5_k20_b4/trees.tre,113,5.0,20.0,4.0,5.04989553044518,True
erik-sim/a5_k20_b4/trees.tre,116,5.0,20.0,4.0,4.589559046331456,True
erik-sim/a5_k20_b4/trees.tre,117,5.0,20.0,4.0,3.1305216637768827,True
erik-sim/a5_k20_b4/trees.tre,118,5.0,20.0,4.0,3.2112863166675374,True
erik-sim/a5_k20_b4/trees.tre,121,5.0,20.0,4.0,3.4871739849082837,True
erik-sim/a5_k20_b4/trees.tre,122,5.0,20.0,4.0,2.4175261387588223,True
erik-sim/a5_k20_b4/trees.tre,123,5.0,20.0,4.0,3.777463167268137,True
erik-sim/a5_k20_b4/trees.tre,124,5.0,20.0,4.0,2.668733392878424,True
erik-sim/a5_k20_b4/trees.tre,125,5.0,20.0,4.0,5.814888608095676,True
erik-sim/a5_k20_b4/trees.tre,126,5.0,20.0,4.0,4.907730768115831,True
erik-sim/a5_k20_b4/trees.tre,128,5.0,20.0,4.0,4.283520264644419,True
erik-sim/a5_k20_b4/trees.tre,129,5.0,20.0,4.0,3.957391855673137,True
erik-sim/a5_k20_b4/trees.tre,130,5.0,20.0,4.0,3.5382740425571018,True
erik-sim/a5_k20_b4/trees.tre,131,5.0,20.0,4.0,3.9367575055577313,True
erik-sim/a5_k20_b4/trees.tre,132,5.0,20.0,4.0,2.985560169737564,True
erik-sim/a5_k20_b4/trees.tre,133,5.0,20.0,4.0,2.495013402000523,True
erik-sim/a5_k20_b4/trees.tre,135,5.0,20.0,4.0,3.881580660867822,True
erik-sim/a5_k20_b4/trees.tre,141,5.0,20.0,4.0,4.611417788345163,True
erik-sim/a5_k20_b4/trees.tre,142,5.0,20.0,4.0,4.650127943014902,True
erik-sim/a5_k20_b4/trees.tre,143,5.0,20.0,4.0,4.2520024706526645,True
erik-sim/a5_k20_b4/trees.tre,144,5.0,20.0,4.0,4.969402371009863,True
erik-sim/a5_k20_b4/trees.tre,149,5.0,20.0,4.0,5.908169802128696,True
erik-sim/a5_k20_b4/trees.tre,155,5.0,20.0,4.0,3.395440393101733,True
erik-sim/a5_k20_b4/trees.tre,156,5.0,20.0,4.0,3.873729340076702,True
erik-sim/a5_k20_b4/trees.tre,157,5.0,20.0,4.0,4.043872267055959,True
erik-sim/a5_k20_b4/trees.tre,158,5.0,20.0,4.0,5.43517967316154,True
erik-sim/a5_k20_b4/trees.tre,161,5.0,20.0,4.0,4.554850872661382,True
erik-sim/a5_k20_b4/trees.tre,162,5.0,20.0,4.0,4.285469090509604,True
erik-sim/a5_k20_b4/trees.tre,164,5.0,20.0,4.0,4.430368335701555,True
erik-sim/a5_k20_b4/trees.tre,165,5.0,20.0,4.0,3.9947513283472325,True
erik-sim/a5_k20_b4/trees.tre,167,5.0,20.0,4.0,3.8260400425391605,True
erik-sim/a5_k20_b4/trees.tre,168,5.0,20.0,4.0,5.6405544497562,True
erik-sim/a5_k20_b4/trees.tre,169,5.0,20.0,4.0,4.124413799064708,True
erik-sim/a5_k20_b4/trees.tre,174,5.0,20.0,4.0,2.67616852634914,True
erik-sim/a5_k20_b4/trees.tre,175,5.0,20.0,4.0,3.5394796362963343,True
erik-sim/a5_k20_b4/trees.tre,177,5.0,20.0,4.0,3.0279215164529787,True
erik-sim/a5_k20_b4/trees.tre,179,5.0,20.0,4.0,4.0292043595204206,True
erik-sim/a5_k20_b4/trees.tre,181,5.0,20.0,4.0,4.661932192681111,True
erik-sim/a5_k20_b4/trees.tre,182,5.0,20.0,4.0,2.8235291637965783,True
erik-sim/a5_k20_b4/trees.tre,183,5.0,20.0,4.0,5.242577674175837,True
erik-sim/a5_k20_b4/trees.tre,184,5.0,20.0,4.0,3.2065287369693634,True
erik-sim/a5_k20_b4/trees.tre,185,5.0,20.0,4.0,1.9636615335775185,True
erik-sim/a5_k20_b4/trees.tre,186,5.0,20.0,4.0,5.444942217634775,True
erik-sim/a5_k20_b4/trees.tre,188,5.0,20.0,4.0,2.8390820816267475,True
erik-sim/a5_k20_b4/trees.tre,195,5.0,20.0,4.0,2.6519394761279833,True
erik-sim/a5_k20_b4/trees.tre,198,5.0,20.0,4.0,3.3945576203418217,True
erik-sim/a5_k20_b4/trees.tre,199,5.0,20.0,4.0,5.057602374894248,True
erik-sim/a5_k20_b4/trees.tre,201,5.0,20.0,4.0,3.6133681365407795,True
erik-sim/a5_k20_b4/trees.tre,207,5.0,20.0,4.0,4.223817380393479,True
erik-sim/a5_k20_b4/trees.tre,210,5.0,20.0,4.0,3.43895292404494,True
erik-sim/a5_k20_b4/trees.tre,212,5.0,20.0,4.0,5.0363300832149145,True
erik-sim/a5_k20_b4/trees.tre,213,5.0,20.0,4.0,4.7824175514644605,True
erik-sim/a5_k20_b4/trees.tre,215,5.0,20.0,4.0,3.7100506132637414,True
erik-sim/a5_k20_b4/trees.tre,218,5.0,20.0,4.0,4.626043779809451,True
erik-sim/a5_k20_b4/trees.tre,223,5.0,20.0,4.0,4.452761882687511,True
erik-sim/a5_k20_b4/trees.tre,226,5.0,20.0,4.0,3.688294762022709,True
erik-sim/a5_k20_b4/trees.tre,227,5.0,20.0,4.0,3.8356400831060413,True
